<GeoServerTileLayer>
  <id>LayerGroupInfoImpl--6717fd44:164a392c4e5:315b</id>
  <enabled>true</enabled>
  <inMemoryCached>true</inMemoryCached>
  <name>osm:osm</name>
  <mimeFormats>
    <string>image/png</string>
    <string>image/vnd.jpeg-png</string>
    <string>image/jpeg</string>
    <string>image/vnd.jpeg-png8</string>
    <string>image/png8</string>
  </mimeFormats>
  <gridSubsets>
    <gridSubset>
      <gridSetName>EPSG:4326_512</gridSetName>
    </gridSubset>
    <gridSubset>
      <gridSetName>EPSG:4326</gridSetName>
    </gridSubset>
    <gridSubset>
      <gridSetName>EPSG:900913</gridSetName>
    </gridSubset>
  </gridSubsets>
  <metaWidthHeight>
    <int>1</int>
    <int>1</int>
  </metaWidthHeight>
  <expireCache>0</expireCache>
  <expireClients>0</expireClients>
  <parameterFilters/>
  <gutter>0</gutter>
</GeoServerTileLayer>