<layerGroup>
  <id>LayerGroupInfoImpl-bd4308:170f39763cb:2d5f</id>
  <name>osm_marine_dark_labels</name>
  <mode>SINGLE</mode>
  <workspace>
    <id>WorkspaceInfoImpl-41697926:164a2136a44:-7fe4</id>
  </workspace>
  <publishables>
    <published type="layer">
      <id>LayerInfoImpl-6056aac0:164a21c08bd:-7ff5</id>
    </published>
    <published type="layer">
      <id>LayerInfoImpl-6056aac0:164a21c08bd:-7ff3</id>
    </published>
    <published type="layer">
      <id>LayerInfoImpl--701ea3ec:164a226a811:-7fe2</id>
    </published>
    <published type="layer">
      <id>LayerInfoImpl-36aaa4ab:164ef7c5ab5:-7ffb</id>
    </published>
    <published type="layer">
      <id>LayerInfoImpl-bd4308:170f756052d:-7a04</id>
    </published>
  </publishables>
  <styles>
    <style>
      <id>StyleInfoImpl-bd4308:170f39763cb:2d42</id>
    </style>
    <style>
      <id>StyleInfoImpl-bd4308:170f39763cb:4857</id>
    </style>
    <style>
      <id>StyleInfoImpl-bd4308:170f39763cb:53ee</id>
    </style>
    <style>
      <id>StyleInfoImpl-bd4308:170f3b4b7ea:-638c</id>
    </style>
    <style>
      <id>StyleInfoImpl-bd4308:170f756052d:-7a03</id>
    </style>
  </styles>
  <bounds>
    <minx>-2.0037508342789244E7</minx>
    <maxx>2.0037508342789244E7</maxx>
    <miny>-2.00489661040146E7</miny>
    <maxy>2.0048966104014594E7</maxy>
    <crs class="projected">EPSG:3857</crs>
  </bounds>
  <dateCreated>2020-03-19 16:33:24.757 UTC</dateCreated>
  <dateModified>2020-03-26 09:18:07.468 UTC</dateModified>
</layerGroup>