<dataStore>
  <id>DataStoreInfoImpl--2799aa5e:1701a225d1f:-7d4f</id>
  <name>osm_shapefiles_pregeneralized</name>
  <type>Generalizing data store</type>
  <enabled>true</enabled>
  <workspace>
    <id>WorkspaceInfoImpl-41697926:164a2136a44:-7fe4</id>
  </workspace>
  <connectionParameters>
    <entry key="RepositoryClassName">org.geoserver.data.gen.DSFinderRepository</entry>
    <entry key="GeneralizationInfosProviderParam">pregeneralized_shapefiles.xml</entry>
    <entry key="GeneralizationInfosProviderClassName">org.geoserver.data.gen.info.GeneralizationInfosProviderImpl</entry>
    <entry key="namespace">http://geoserver.org/osm</entry>
  </connectionParameters>
  <__default>false</__default>
  <dateCreated>2020-02-06 11:46:12.589 UTC</dateCreated>
</dataStore>