<featureType>
  <id>FeatureTypeInfoImpl-7c55092f:164b291b05d:5871</id>
  <name>land_polygons</name>
  <nativeName>land_polygons</nativeName>
  <namespace>
    <id>NamespaceInfoImpl-41697926:164a2136a44:-7fe3</id>
  </namespace>
  <title>land_polygons</title>
  <keywords>
    <string>features</string>
    <string>land_polygons</string>
  </keywords>
  <srs>EPSG:3857</srs>
  <nativeBoundingBox>
    <minx>-2.021007E7</minx>
    <maxx>2.0237746E7</maxx>
    <miny>-1.2357559E7</miny>
    <maxy>1.807522E7</maxy>
  </nativeBoundingBox>
  <latLonBoundingBox>
    <minx>-181.5501477412542</minx>
    <maxx>181.79876547928708</maxx>
    <miny>-73.6041202916843</miny>
    <maxy>83.27191863728468</maxy>
    <crs>EPSG:4326</crs>
  </latLonBoundingBox>
  <projectionPolicy>FORCE_DECLARED</projectionPolicy>
  <enabled>true</enabled>
  <store class="dataStore">
    <id>DataStoreInfoImpl-7c55092f:164b291b05d:586a</id>
  </store>
  <serviceConfiguration>false</serviceConfiguration>
  <maxFeatures>0</maxFeatures>
  <numDecimals>0</numDecimals>
  <padWithZeros>false</padWithZeros>
  <forcedDecimal>false</forcedDecimal>
  <overridingServiceSRS>false</overridingServiceSRS>
  <skipNumberMatched>false</skipNumberMatched>
  <circularArcPresent>false</circularArcPresent>
</featureType>