<dataStore>
  <id>DataStoreInfoImpl-6056aac0:164a21c08bd:-7ffb</id>
  <name>osm_pregeneralized</name>
  <type>Generalizing data store</type>
  <enabled>true</enabled>
  <workspace>
    <id>WorkspaceInfoImpl-41697926:164a2136a44:-7fe4</id>
  </workspace>
  <connectionParameters>
    <entry key="RepositoryClassName">org.geoserver.data.gen.DSFinderRepository</entry>
    <entry key="GeneralizationInfosProviderParam">pregeneralized.xml</entry>
    <entry key="GeneralizationInfosProviderClassName">org.geoserver.data.gen.info.GeneralizationInfosProviderImpl</entry>
    <entry key="namespace">http://geoserver.org/osm</entry>
  </connectionParameters>
  <__default>false</__default>
</dataStore>