<featureType>
  <id>FeatureTypeInfoImpl-7c55092f:164b291b05d:5879</id>
  <name>ne_10m_coastline</name>
  <nativeName>ne_10m_coastline</nativeName>
  <namespace>
    <id>NamespaceInfoImpl-41697926:164a2136a44:-7fe3</id>
  </namespace>
  <title>ne_10m_coastline</title>
  <keywords>
    <string>features</string>
    <string>ne_10m_coastline</string>
  </keywords>
  <srs>EPSG:4326</srs>
  <nativeBoundingBox>
    <minx>-181.800003051758</minx>
    <maxx>181.800003051758</maxx>
    <miny>-86.0662231445313</miny>
    <maxy>84.4783782958984</maxy>
  </nativeBoundingBox>
  <latLonBoundingBox>
    <minx>-181.800003051758</minx>
    <maxx>181.800003051758</maxx>
    <miny>-86.0662231445313</miny>
    <maxy>84.4783782958984</maxy>
    <crs>EPSG:4326</crs>
  </latLonBoundingBox>
  <projectionPolicy>FORCE_DECLARED</projectionPolicy>
  <enabled>true</enabled>
  <store class="dataStore">
    <id>DataStoreInfoImpl-7c55092f:164b291b05d:586a</id>
  </store>
  <serviceConfiguration>false</serviceConfiguration>
  <maxFeatures>0</maxFeatures>
  <numDecimals>0</numDecimals>
  <padWithZeros>false</padWithZeros>
  <forcedDecimal>false</forcedDecimal>
  <overridingServiceSRS>false</overridingServiceSRS>
  <skipNumberMatched>false</skipNumberMatched>
  <circularArcPresent>false</circularArcPresent>
</featureType>