<layer>
  <name>ne_10m_geography_marine_polys</name>
  <id>LayerInfoImpl-bd4308:170f756052d:-7a04</id>
  <type>VECTOR</type>
  <defaultStyle>
    <id>StyleInfoImpl-41697926:164a2136a44:-7ffe</id>
  </defaultStyle>
  <resource class="featureType">
    <id>FeatureTypeInfoImpl-bd4308:170f756052d:-7a05</id>
  </resource>
  <attribution>
    <logoWidth>0</logoWidth>
    <logoHeight>0</logoHeight>
  </attribution>
  <dateCreated>2020-03-20 09:49:13.847 UTC</dateCreated>
  <dateModified>2020-03-26 08:36:20.55 UTC</dateModified>
</layer>