<?xml version="1.0" encoding="utf-8"?>
<gwcConfiguration xmlns:xsi="http://www.w3.org/2001/XMLSchema-instance" xsi:schemaLocation="http://geowebcache.org/schema/1.14.0 http://geowebcache.org/schema/1.14.0/geowebcache.xsd" xmlns="http://geowebcache.org/schema/1.14.0">
  <version>1.14.0</version>
  <backendTimeout>120</backendTimeout>
  <blobStores/>
  <gridSets>
    <gridSet>
      <name>EPSG:4326_512</name>
      <description>A default WGS84 tile matrix set where the first zoom level covers the world with two tiles on the horizonal axis and one tile over the vertical axis and each subsequent zoom level is calculated by half the resolution of its previous one.</description>
      <srs>
        <number>4326</number>
      </srs>
      <extent>
        <coords>
          <double>-180.0</double>
          <double>-90.0</double>
          <double>180.0</double>
          <double>90.0</double>
        </coords>
      </extent>
      <alignTopLeft>false</alignTopLeft>
      <resolutions>
        <double>0.703125</double>
        <double>0.3515625</double>
        <double>0.17578125</double>
        <double>0.087890625</double>
        <double>0.0439453125</double>
        <double>0.02197265625</double>
        <double>0.010986328125</double>
        <double>0.0054931640625</double>
        <double>0.00274658203125</double>
        <double>0.001373291015625</double>
        <double>6.866455078125E-4</double>
        <double>3.433227539062E-4</double>
        <double>1.716613769531E-4</double>
        <double>8.58306884766E-5</double>
        <double>4.29153442383E-5</double>
        <double>2.14576721191E-5</double>
        <double>1.07288360596E-5</double>
        <double>5.3644180298E-6</double>
        <double>2.6822090149E-6</double>
        <double>1.3411045074E-6</double>
        <double>6.705522537E-7</double>
        <double>3.352761269E-7</double>
      </resolutions>
      <metersPerUnit>111319.49079327358</metersPerUnit>
      <pixelSize>2.8E-4</pixelSize>
      <scaleNames>
        <string>EPSG:4326:0</string>
        <string>EPSG:4326:1</string>
        <string>EPSG:4326:2</string>
        <string>EPSG:4326:3</string>
        <string>EPSG:4326:4</string>
        <string>EPSG:4326:5</string>
        <string>EPSG:4326:6</string>
        <string>EPSG:4326:7</string>
        <string>EPSG:4326:8</string>
        <string>EPSG:4326:9</string>
        <string>EPSG:4326:10</string>
        <string>EPSG:4326:11</string>
        <string>EPSG:4326:12</string>
        <string>EPSG:4326:13</string>
        <string>EPSG:4326:14</string>
        <string>EPSG:4326:15</string>
        <string>EPSG:4326:16</string>
        <string>EPSG:4326:17</string>
        <string>EPSG:4326:18</string>
        <string>EPSG:4326:19</string>
        <string>EPSG:4326:20</string>
        <string>EPSG:4326:21</string>
      </scaleNames>
      <tileHeight>512</tileHeight>
      <tileWidth>512</tileWidth>
      <yCoordinateFirst>true</yCoordinateFirst>
    </gridSet>
    <gridSet>
      <name>epsg:4326_custom</name>
      <srs>
        <number>4326</number>
      </srs>
      <extent>
        <coords>
          <double>-180.0</double>
          <double>-90.0</double>
          <double>180.0</double>
          <double>90.0</double>
        </coords>
      </extent>
      <alignTopLeft>false</alignTopLeft>
      <resolutions>
        <double>0.703125</double>
        <double>0.3515625</double>
        <double>0.17578125</double>
        <double>0.087890625</double>
        <double>0.0439453125</double>
      </resolutions>
      <metersPerUnit>111319.49079327358</metersPerUnit>
      <pixelSize>2.8E-4</pixelSize>
      <scaleNames>
        <string>epsg:4326_custom:0</string>
        <string>epsg:4326_custom:1</string>
        <string>epsg:4326_custom:2</string>
        <string>epsg:4326_custom:3</string>
        <string>epsg:4326_custom:4</string>
      </scaleNames>
      <tileHeight>256</tileHeight>
      <tileWidth>256</tileWidth>
      <yCoordinateFirst>true</yCoordinateFirst>
    </gridSet>
    <gridSet>
      <name>EPSG:3395</name>
      <srs>
        <number>3395</number>
      </srs>
      <extent>
        <coords>
          <double>-2.0037508342789244E7</double>
          <double>-1.5496570739723722E7</double>
          <double>2.0037508342789244E7</double>
          <double>1.876465623138057E7</double>
        </coords>
      </extent>
      <alignTopLeft>false</alignTopLeft>
      <resolutions>
        <double>156543.03392804097</double>
        <double>78271.51696402048</double>
        <double>39135.75848201024</double>
        <double>19567.87924100512</double>
        <double>9783.93962050256</double>
        <double>4891.96981025128</double>
        <double>2445.98490512564</double>
        <double>1222.99245256282</double>
        <double>611.49622628141</double>
        <double>305.748113140705</double>
        <double>152.8740565703525</double>
        <double>76.43702828517625</double>
        <double>38.21851414258813</double>
        <double>19.109257071294063</double>
        <double>9.554628535647032</double>
        <double>4.777314267823516</double>
        <double>2.388657133911758</double>
        <double>1.194328566955879</double>
        <double>0.5971642834779395</double>
        <double>0.2985821417389697</double>
        <double>0.1492910708694849</double>
        <double>0.0746455354347424</double>
        <double>0.0373227677173712</double>
        <double>0.0186613838586856</double>
        <double>0.0093306919293428</double>
        <double>0.0046653459646714</double>
        <double>0.0023326729823357</double>
        <double>0.0011663364911679</double>
        <double>5.831682455839E-4</double>
        <double>2.91584122792E-4</double>
        <double>1.45792061396E-4</double>
      </resolutions>
      <metersPerUnit>1.0</metersPerUnit>
      <pixelSize>2.8E-4</pixelSize>
      <scaleNames>
        <string>EPSG:3395:0</string>
        <string>EPSG:3395:1</string>
        <string>EPSG:3395:2</string>
        <string>EPSG:3395:3</string>
        <string>EPSG:3395:4</string>
        <string>EPSG:3395:5</string>
        <string>EPSG:3395:6</string>
        <string>EPSG:3395:7</string>
        <string>EPSG:3395:8</string>
        <string>EPSG:3395:9</string>
        <string>EPSG:3395:10</string>
        <string>EPSG:3395:11</string>
        <string>EPSG:3395:12</string>
        <string>EPSG:3395:13</string>
        <string>EPSG:3395:14</string>
        <string>EPSG:3395:15</string>
        <string>EPSG:3395:16</string>
        <string>EPSG:3395:17</string>
        <string>EPSG:3395:18</string>
        <string>EPSG:3395:19</string>
        <string>EPSG:3395:20</string>
        <string>EPSG:3395:21</string>
        <string>EPSG:3395:22</string>
        <string>EPSG:3395:23</string>
        <string>EPSG:3395:24</string>
        <string>EPSG:3395:25</string>
        <string>EPSG:3395:26</string>
        <string>EPSG:3395:27</string>
        <string>EPSG:3395:28</string>
        <string>EPSG:3395:29</string>
        <string>EPSG:3395:30</string>
      </scaleNames>
      <tileHeight>256</tileHeight>
      <tileWidth>256</tileWidth>
      <yCoordinateFirst>false</yCoordinateFirst>
    </gridSet>
  </gridSets>
  <layers/>
</gwcConfiguration>