<featureType>
  <id>FeatureTypeInfoImpl-36aaa4ab:164ef7c5ab5:-7ffc</id>
  <name>ne_10m_admin_0_countries_points</name>
  <nativeName>ne_10m_admin_0_countries_points</nativeName>
  <namespace>
    <id>NamespaceInfoImpl-41697926:164a2136a44:-7fe3</id>
  </namespace>
  <title>ne_10m_admin_0_countries_points</title>
  <keywords>
    <string>features</string>
    <string>ne_10m_admin_0_countries_points</string>
  </keywords>
  <srs>EPSG:4326</srs>
  <nativeBoundingBox>
    <minx>-178.152213873015</minx>
    <maxx>178.684370812282</maxx>
    <miny>-76.6056454404999</miny>
    <maxy>79.8517723655</maxy>
  </nativeBoundingBox>
  <latLonBoundingBox>
    <minx>-178.152213873015</minx>
    <maxx>178.684370812282</maxx>
    <miny>-76.6056454404999</miny>
    <maxy>79.8517723655</maxy>
    <crs>EPSG:4326</crs>
  </latLonBoundingBox>
  <projectionPolicy>FORCE_DECLARED</projectionPolicy>
  <enabled>true</enabled>
  <store class="dataStore">
    <id>DataStoreInfoImpl-7c55092f:164b291b05d:586a</id>
  </store>
  <serviceConfiguration>false</serviceConfiguration>
  <maxFeatures>0</maxFeatures>
  <numDecimals>0</numDecimals>
  <padWithZeros>false</padWithZeros>
  <forcedDecimal>false</forcedDecimal>
  <overridingServiceSRS>false</overridingServiceSRS>
  <skipNumberMatched>false</skipNumberMatched>
  <circularArcPresent>false</circularArcPresent>
</featureType>