<featureType>
  <id>FeatureTypeInfoImpl--3dd870dd:164ead628cf:5afd</id>
  <name>water_polygons</name>
  <nativeName>water_polygons</nativeName>
  <namespace>
    <id>NamespaceInfoImpl-41697926:164a2136a44:-7fe3</id>
  </namespace>
  <title>water_polygons</title>
  <keywords>
    <string>features</string>
    <string>water_polygons</string>
  </keywords>
  <srs>EPSG:3857</srs>
  <nativeBoundingBox>
    <minx>-2.0237886E7</minx>
    <maxx>2.0237886E7</maxx>
    <miny>-1.4947463E7</miny>
    <maxy>2.0211564E7</maxy>
  </nativeBoundingBox>
  <latLonBoundingBox>
    <minx>-2.0237886E7</minx>
    <maxx>2.0237886E7</maxx>
    <miny>-1.4947463E7</miny>
    <maxy>2.0211564E7</maxy>
    <crs>EPSG:4326</crs>
  </latLonBoundingBox>
  <projectionPolicy>FORCE_DECLARED</projectionPolicy>
  <enabled>true</enabled>
  <store class="dataStore">
    <id>DataStoreInfoImpl-7c55092f:164b291b05d:586a</id>
  </store>
  <serviceConfiguration>false</serviceConfiguration>
  <maxFeatures>0</maxFeatures>
  <numDecimals>0</numDecimals>
  <padWithZeros>false</padWithZeros>
  <forcedDecimal>false</forcedDecimal>
  <overridingServiceSRS>false</overridingServiceSRS>
  <skipNumberMatched>false</skipNumberMatched>
  <circularArcPresent>false</circularArcPresent>
</featureType>