<featureType>
  <id>FeatureTypeInfoImpl--b31e793:164a310f7fa:-2571</id>
  <name>osm_transport_points</name>
  <nativeName>osm_transport_points</nativeName>
  <namespace>
    <id>NamespaceInfoImpl-41697926:164a2136a44:-7fe3</id>
  </namespace>
  <title>osm_transport_points</title>
  <keywords>
    <string>features</string>
    <string>osm_transport_points</string>
  </keywords>
  <nativeCRS class="projected">PROJCS[&quot;WGS 84 / Pseudo-Mercator&quot;, 
  GEOGCS[&quot;WGS 84&quot;, 
    DATUM[&quot;World Geodetic System 1984&quot;, 
      SPHEROID[&quot;WGS 84&quot;, 6378137.0, 298.257223563, AUTHORITY[&quot;EPSG&quot;,&quot;7030&quot;]], 
      AUTHORITY[&quot;EPSG&quot;,&quot;6326&quot;]], 
    PRIMEM[&quot;Greenwich&quot;, 0.0, AUTHORITY[&quot;EPSG&quot;,&quot;8901&quot;]], 
    UNIT[&quot;degree&quot;, 0.017453292519943295], 
    AXIS[&quot;Geodetic longitude&quot;, EAST], 
    AXIS[&quot;Geodetic latitude&quot;, NORTH], 
    AUTHORITY[&quot;EPSG&quot;,&quot;4326&quot;]], 
  PROJECTION[&quot;Popular Visualisation Pseudo Mercator&quot;], 
  PARAMETER[&quot;semi_minor&quot;, 6378137.0], 
  PARAMETER[&quot;latitude_of_origin&quot;, 0.0], 
  PARAMETER[&quot;central_meridian&quot;, 0.0], 
  PARAMETER[&quot;scale_factor&quot;, 1.0], 
  PARAMETER[&quot;false_easting&quot;, 0.0], 
  PARAMETER[&quot;false_northing&quot;, 0.0], 
  UNIT[&quot;m&quot;, 1.0], 
  AXIS[&quot;Easting&quot;, EAST], 
  AXIS[&quot;Northing&quot;, NORTH], 
  AUTHORITY[&quot;EPSG&quot;,&quot;3857&quot;]]</nativeCRS>
  <srs>EPSG:3857</srs>
  <nativeBoundingBox>
    <minx>280910.28125</minx>
    <maxx>715491.125</maxx>
    <miny>6374461.5</miny>
    <maxy>6713851.5</maxy>
    <crs class="projected">EPSG:3857</crs>
  </nativeBoundingBox>
  <latLonBoundingBox>
    <minx>2.5234599911318845</minx>
    <maxx>6.42736613239371</maxx>
    <miny>49.58353554256081</miny>
    <maxy>51.52030847161657</maxy>
    <crs>EPSG:4326</crs>
  </latLonBoundingBox>
  <projectionPolicy>FORCE_DECLARED</projectionPolicy>
  <enabled>true</enabled>
  <store class="dataStore">
    <id>DataStoreInfoImpl-41697926:164a2136a44:-7fe2</id>
  </store>
  <serviceConfiguration>false</serviceConfiguration>
  <maxFeatures>0</maxFeatures>
  <numDecimals>0</numDecimals>
  <padWithZeros>false</padWithZeros>
  <forcedDecimal>false</forcedDecimal>
  <overridingServiceSRS>false</overridingServiceSRS>
  <skipNumberMatched>false</skipNumberMatched>
  <circularArcPresent>false</circularArcPresent>
</featureType>