<qosMainConfiguration>
  <activated>true</activated>
  <metadata>
    <operatingInfo>
      <operationalStatus>
        <href>http://def.opengeospatial.org/codelist/qos/status/1.0/operationalStatus.rdf#Operational</href>
        <title>Operating Schedule - WFS</title>
      </operationalStatus>
      <byDaysOfWeek>
        <days>MONDAY</days>
        <days>TUESDAY</days>
        <days>WEDNESDAY</days>
        <days>THURSDAY</days>
        <days>FRIDAY</days>
        <startTime>09:00:00+01:00</startTime>
        <endTime>18:00:00+01:00</endTime>
      </byDaysOfWeek>
    </operatingInfo>
    <operationAnomalyFeed>
      <href>http://monitoring.geo-solutions.it/resource/74?lang=en</href>
      <format>json</format>
      <abstract>
        <value>Last Summary: WFS for workspace:osm</value>
      </abstract>
    </operationAnomalyFeed>
    <operationAnomalyFeed>
      <href>http://monitoring.geo-solutions.it/resource/76/json</href>
      <format>json</format>
      <abstract>
        <value>Last Summary: WFS for workspace:ows14</value>
      </abstract>
    </operationAnomalyFeed>
  </metadata>
</qosMainConfiguration>