<wcs>
  <id>WCSInfoImpl--16b8973d:1656227dda8:-5078</id>
  <enabled>false</enabled>
  <name>WCS</name>
  <versions>
    <org.geotools.util.Version>
      <version>1.0.0</version>
    </org.geotools.util.Version>
    <org.geotools.util.Version>
      <version>1.1.1</version>
    </org.geotools.util.Version>
    <org.geotools.util.Version>
      <version>2.0.1</version>
    </org.geotools.util.Version>
  </versions>
  <citeCompliant>false</citeCompliant>
  <schemaBaseURL>http://schemas.opengis.net</schemaBaseURL>
  <verbose>false</verbose>
  <gmlPrefixing>false</gmlPrefixing>
  <latLon>false</latLon>
  <maxInputMemory>0</maxInputMemory>
  <maxOutputMemory>0</maxOutputMemory>
  <subsamplingEnabled>true</subsamplingEnabled>
</wcs>