<wms>
  <id>WMSInfoImpl--16b8973d:1656227dda8:-5076</id>
  <enabled>true</enabled>
  <name>WMS</name>
  <versions>
    <org.geotools.util.Version>
      <version>1.1.1</version>
    </org.geotools.util.Version>
    <org.geotools.util.Version>
      <version>1.3.0</version>
    </org.geotools.util.Version>
  </versions>
  <citeCompliant>false</citeCompliant>
  <schemaBaseURL>http://schemas.opengis.net</schemaBaseURL>
  <verbose>false</verbose>
  <metadata>
    <entry key="disableDatelineWrappingHeuristic">false</entry>
    <entry key="kmlSuperoverlayMode">auto</entry>
    <entry key="kmlReflectorMode">refresh</entry>
    <entry key="loopContinuously">false</entry>
    <entry key="svgAntiAlias">false</entry>
    <entry key="kmlPlacemark">false</entry>
    <entry key="rootLayerInCapabilities">true</entry>
    <entry key="kmlKmscore">40</entry>
    <entry key="mapWrapping">true</entry>
    <entry key="pngCompression">25</entry>
    <entry key="jpegCompression">25</entry>
    <entry key="advancedProjectionDensification">false</entry>
    <entry key="advancedProjectionHandling">true</entry>
    <entry key="maxAllowedFrames">2147483647</entry>
    <entry key="kmlAttr">true</entry>
    <entry key="disposalMethod">none</entry>
    <entry key="scalehintMapunitsPixel">false</entry>
    <entry key="framesDelay">1000</entry>
  </metadata>
  <srs>
    <string>4326</string>
    <string>3857</string>
    <string>900913</string>
  </srs>
  <watermark>
    <enabled>false</enabled>
    <position>BOT_RIGHT</position>
    <transparency>100</transparency>
  </watermark>
  <interpolation>Nearest</interpolation>
  <getFeatureInfoMimeTypeCheckingEnabled>false</getFeatureInfoMimeTypeCheckingEnabled>
  <getMapMimeTypeCheckingEnabled>false</getMapMimeTypeCheckingEnabled>
  <dynamicStylingDisabled>true</dynamicStylingDisabled>
  <featuresReprojectionDisabled>false</featuresReprojectionDisabled>
  <maxBuffer>0</maxBuffer>
  <maxRequestMemory>65535</maxRequestMemory>
  <maxRenderingTime>20</maxRenderingTime>
  <maxRenderingErrors>10</maxRenderingErrors>
  <cacheConfiguration>
    <enabled>false</enabled>
    <maxEntries>1000</maxEntries>
    <maxEntrySize>51200</maxEntrySize>
  </cacheConfiguration>
</wms>