399;787;686760.48,4886045.9,703790.1,4919635.7
394;403;753180.1,4887614.1,759192.64,4893764
606;548;732957.72,4891415.3,744679.14,4902014.9
614;731;695531.06,4899399.2,702228.08,4907372.4
699;383;718527.94,4896236.4,722445.17,4898382.8
677;257;705593.6,4910180.1,718746.18,4915173
687;333;717913.08,4873621.9,722103.43,4875653
834;719;687124.8,4871218.8,704790.22,4886448.3
457;690;740741.63,4885741.2,757766.43,4911446
839;541;702586.87,4901496.1,737276.75,4923864.6
941;913;685831.38,4891668,711065.97,4916151.7
668;566;731968.28,4897724.4,741044.38,4905414.6
787;403;705587.02,4902453.9,741358.69,4920771.5
271;288;713281.48,4903422.3,715568.79,4905853.1
605;561;707836.85,4874665,715618.36,4881880.6
614;895;740223.31,4875790.4,744851.96,4882537.4
964;872;719172.22,4901295.7,734686.93,4915329.7
564;861;732209.93,4885760.3,741886.82,4900533
740;722;686099.08,4911056.9,690631.64,4915479.2
385;545;704329.7,4898789.3,715704.93,4914891.9
281;775;710881.31,4877459.1,717570.26,4895907.3
738;515;698278.07,4891173.1,708839.41,4898543.1
550;892;738606.61,4870821.2,744980.9,4881159.1
773;590;708707.63,4886534.8,720650.61,4895650.4
300;271;717497.67,4905244.4,720615.45,4908060.8
309;958;739147.89,4894112.1,741678.41,4901957.5
694;844;744112.34,4913792.9,753468.43,4925171.2
459;684;734887.14,4917536.4,737782.31,4921850.7
440;358;692932.14,4877769.4,701617.55,4884836.1
891;590;730249.01,4874280.3,738036.53,4879437
827;379;731041.72,4877281.9,738599.41,4880745.5
587;437;685586.68,4895274.1,699183.83,4905396.7
759;513;700441.17,4890089.5,719857.3,4903212.7
696;296;737949.76,4893815.8,753170.4,4900288.9
901;566;727793.14,4906240.4,740601.23,4914286.4
300;398;686275.77,4880662.4,688628.82,4883784.1
317;708;716942.48,4890470.3,729494.57,4918504.6
580;715;715070.11,4876169.1,718173.27,4879994.6
283;833;734070.84,4876665.6,738892.14,4890857
848;443;726566.44,4894713.4,739746.78,4901598.8
820;664;722043.93,4888074,733445.19,4897306.3
617;522;712096.34,4878789.1,725468.09,4890102
414;493;699193.81,4887680.6,706288.22,4896128.8
551;998;700168.05,4883954.1,716295.83,4913165.6
932;857;745632.8,4877604.9,759237.25,4890114.5
265;619;697097.69,4906814.5,702978.79,4920551.8
878;757;735397.97,4906063.4,752220.15,4920567.2
868;564;712345.97,4876344.8,740131.8,4894399.1
944;501;728519.83,4889600.5,756774.22,4904595.6
1022;672;709788.17,4910879.5,717573.42,4915998.6
295;527;717303.72,4883180.5,718858.31,4885957.7
536;410;735208.6,4912209.9,737999.94,4914345
320;356;718589.47,4877060.8,727861.86,4887376.3
451;720;715475.94,4908290.3,720794.81,4916781.6
440;783;728460.59,4885668.5,739927.95,4906075.2
663;289;703390.79,4900217.2,711587.03,4903789.9
687;413;690039.31,4908376.5,695178.7,4911466.1
934;859;685671.21,4882140.4,692894.1,4888783.3
261;336;710929.02,4892559.1,712605.73,4894717.7
1012;796;730385.61,4900861,742193.49,4910148.6
636;592;702337.15,4878280.1,706789.97,4882424.9
678;284;717307.55,4874375.9,725209.74,4877686
907;993;752560.29,4915642,759412.93,4923144.4
763;918;701784.12,4911310.4,711272.68,4922726.5
429;1010;730932.39,4881556.2,734702.08,4890431.3
803;1003;688383.01,4909717.5,698018.64,4921753
629;261;724251.84,4873071.3,746825.32,4882438
640;1003;712290.1,4873902.7,717790.02,4882522.1
568;442;697181.56,4906798.4,721271.04,4925544.1
624;517;714725.28,4872645.6,727582.58,4883298.2
1001;514;689853.36,4897587.8,715217.1,4910611.7
432;362;687188.29,4898013.6,704710.38,4912696.4
991;638;717147.68,4897840.4,737919.52,4911213.2
789;319;727091.12,4891028.1,735860.53,4894573.6
723;474;700484.53,4909378.3,721958.74,4923456.9
955;849;719169.69,4895407.4,737017.96,4911274.6
407;308;716843.74,4874875,735273.44,4888821.8
640;654;717115.69,4886401.4,736886.91,4906605.1
985;454;715276.08,4898821.8,721925.24,4901886.5
632;412;699155.16,4889478,703549.21,4892342.5
566;326;714662.04,4895724.3,736281.94,4908176.8
950;779;739985.78,4909664.7,752671.49,4920066.9
545;472;755751.83,4908618.8,759908.44,4912218.7
712;428;710577.11,4882105.8,720235.13,4887911.4
436;796;702016.65,4878796,712258.36,4897494.2
431;491;693774.79,4898049.9,697661.53,4902477.8
571;710;700313.97,4898621,713055.12,4914463.8
614;376;737038.1,4894263.9,743269.36,4898079.8
888;511;707925.56,4872483,713317.57,4875585.8
434;284;720560.16,4872158.3,724544.66,4874765.6
802;588;716099.09,4903414.5,746559.79,4925747.3
846;852;688754,4886360.1,702218.76,4899920.4
691;818;718419.82,4907230.1,724769.3,4914746.5
477;992;716864.75,4874377,721485.16,4883985.9
467;354;689499.12,4874130.7,704945.22,4885839.3
732;366;743432.25,4877103.3,753973.36,4882373.8
872;654;693453.72,4893436.9,720711.8,4913880.5
481;454;710378.01,4889881,715118.99,4894355.9
287;572;692194.82,4893964.5,708389.8,4926241.6
493;775;712922.01,4899777.2,717561.49,4907070.5
579;856;737926.76,4895579.1,746588.35,4908384.5
281;984;738830.02,4876652.7,747724.88,4907800.5
688;689;685402.1,4879057.5,713391.95,4907088
363;796;703407.58,4905219.3,705643.4,4910122.1
800;922;736347.87,4898958.8,740571.08,4903826
647;318;688526.94,4921897,700900.3,4927978.5
547;670;705680.94,4876452.2,708998.42,4880515.6
707;482;697825.63,4878543.2,705532.9,4883797.6
309;829;759070.68,4903697.4,760732.47,4908155.7
305;421;721239.58,4898889.6,729995.89,4910976.2
888;932;699905.98,4895581,711156.18,4907388.7
442;473;703675.69,4904555.4,708935.31,4910183.9
604;940;703515.59,4911287,707380.78,4917302.3
940;298;726091.75,4883314.6,734962.68,4886126.9
669;524;700924.79,4871611.7,727071.2,4892091.1
813;501;744865.22,4898018.9,749826.58,4901076.3
412;356;703714.77,4874903.5,710499.12,4880765.7
882;369;719837.44,4914427.4,739968.65,4922849.6
420;916;702057.77,4915388.1,704316.77,4920314.9
670;508;704199.75,4890993.9,708371.31,4894156.8
474;575;709760.99,4900675.2,714759.17,4906738.4
794;718;695695.08,4874887.8,702134.28,4880710.6
1020;349;708331.63,4875048,716254.97,4877759.1
671;521;710507.7,4903554.3,717995.11,4909367.9
636;798;734437.69,4890756.6,747867.65,4907607.4
328;887;710146.81,4894283.4,722816.84,4928546.6
795;810;730460.78,4874233.6,738705.23,4882633.6
536;728;726940.93,4874901.3,738654.47,4890810.7
372;916;749861.96,4886695.3,754392.7,4897851.6
265;374;693156.91,4904798.9,701985.24,4917258.5
971;422;715248.24,4923215.9,722592.36,4926407.7
782;316;717039.7,4876888.8,732774.59,4883247.1
827;928;714246.93,4897669.4,722716.67,4907173.5
927;281;685654.29,4901378.3,750644.74,4921078.8
301;282;700370.48,4891455.8,717832.45,4907815.6
1008;482;728572.98,4904279.2,746626.64,4912912
623;743;734699.24,4883724.9,739092.57,4888964.5
995;956;753458.65,4883480,760835.02,4890567.3
643;920;724717.07,4904594.6,733855.46,4917669.8
601;349;690803.93,4874277.8,711167.04,4886102.7
342;590;701643.88,4922603.7,703935.34,4926556.8
719;707;722794.79,4873374.8,730601.04,4881050.8
979;608;686240.62,4879212.1,696720.03,4885720.3
431;524;712514.42,4884239.4,716375.24,4888933.3
766;593;689575.73,4899256.4,714337.93,4918426.1
498;777;735678.24,4903942.1,750337.64,4926814.3
1002;389;730898.58,4875814.6,736064.08,4877820
834;267;732570.66,4908880,737865.34,4910575
715;971;741419.11,4880007.6,745668.9,4885778.9
952;980;705043.64,4871428.4,711246.09,4877813.2
841;450;749093.46,4902845.3,753372.86,4905135.1
386;648;722658.27,4876196.6,730124.78,4888731
953;752;711803.96,4892312.3,739683.14,4914311.4
363;462;739053.06,4875316.7,743425.16,4880881.1
806;575;726289.32,4904804.2,739232.38,4914037.8
603;325;717640.9,4914061.9,721114.64,4915934.2
358;404;699940.42,4878209.2,720249.98,4901128.3
563;724;700537.87,4871464.6,705355.54,4877659.9
887;540;736667.5,4886934.9,753116.26,4896948.8
497;631;734331.99,4917211.8,737765.75,4921571.3
506;311;685322.69,4893649.9,694894.18,4899532.8
443;648;745222.05,4891814.6,752194.86,4902014.1
973;341;711377.31,4907287.8,719959.11,4910295.4
334;645;708908.2,4887546.4,713661.51,4896725.7
626;395;711692.55,4908096.8,720909.1,4913912.3
292;685;704107.33,4894190.6,705900.68,4898397.6
1000;564;749315.14,4882526.4,755040.52,4885755.5
969;788;710472.9,4880504.2,716316.22,4885256
673;547;707792.53,4912847.1,725147.41,4926952.8
442;815;704042.49,4909342.8,711386.02,4922883.5
754;523;721553.03,4874088.4,737861.96,4885400.9
471;599;687257.24,4870452,690045.85,4873998.4
419;833;734469.02,4900590.6,739180.75,4909957.8
735;671;730854.57,4895180.1,734882.69,4898857.5
786;675;699904.45,4908487.8,713080.43,4919803.1
943;686;702912.05,4917209.9,710877.91,4923004.8
993;971;736160.72,4874087.4,748346.56,4886003.2
358;738;733003.91,4883966.3,734905.34,4887886
301;551;718242.47,4919594.1,723317.83,4928884.9
884;773;711315.68,4915343.7,719128.07,4922175.1
431;509;688245.61,4899567.8,690725.52,4902496.5
644;621;686892.1,4911711.9,690759.15,4915440.9
387;342;736758.5,4879673.8,751073.26,4892324
912;414;732457.47,4907453.7,758867,4919442.3
523;380;744982.33,4873090,753369.38,4879183.8
324;948;690019.67,4881967.6,697972.54,4905237.2
380;342;713659.92,4924736,716834.18,4927592.8
469;862;730563.63,4883819.1,754799.56,4928363.6
351;780;750960.89,4898255.6,755748.28,4908894.3
779;392;731345.98,4914170.6,739562.17,4918305.1
398;566;716960.02,4895463.4,721810.71,4902361.6
767;433;738297.05,4880980,746383.16,4885544.9
1015;561;728589.61,4885536.9,736008.98,4889637.6
812;946;747678.56,4923157.9,752045.41,4928245.4
564;928;723734.06,4903865.5,727235.5,4909626.7
412;946;745111.97,4888015.8,751142.75,4901863.2
616;640;743398.85,4899602.4,748172.02,4904561.5
635;572;684728.22,4879572.6,692741.46,4886790.8
483;995;685652.92,4901411.5,696157.72,4923051.8
612;688;747301.91,4892841.8,757798.23,4904641.6
757;324;691357.03,4898122.6,700506.53,4902038.7
367;625;757762.13,4894047.5,760563.09,4898817.5
787;593;727390.02,4896004.9,756419.23,4917878.2
438;745;703071.48,4890056.1,705749.39,4894611
991;317;744240.72,4885573.6,754817.05,4888956.7
517;337;736155.5,4889424.5,754903.45,4901645.1
526;499;690509.72,4886009.6,694784.49,4890064.9
1007;692;722205.84,4886516.8,732349.08,4893487.1
812;426;695433.51,4894673.1,755712.42,4926297.3
543;951;746315.87,4892190.4,759349.61,4915017.4
945;397;732919.06,4886163.2,741175.49,4889631.8
505;265;712268.73,4891652.7,734547.34,4903343.4
1020;433;745531.37,4921227.1,755674.72,4925533
378;340;712529.17,4880596.5,716765.79,4884407.2
713;980;712604.66,4881813.2,730788.46,4906806.3
1010;264;747410.63,4911496.8,752513.95,4912830.8
537;1003;723754.56,4872508.5,728018.78,4880473.2
844;464;714942.09,4881095.5,722901.83,4885471.4
608;654;743431.22,4902431.6,747192.77,4906477.7
960;503;755150.85,4898976.6,760179.34,4901611.3
806;797;716776.02,4880110.4,753455.67,4916380.5
378;663;698207.21,4883438.5,700269.73,4887056.1
346;367;699947.63,4883145,713148.61,4897147.2
309;348;738264.79,4883618.7,745491.73,4891757.8
621;820;740030.31,4877370.9,750126.95,4890703
431;846;713715.28,4918397.9,717150,4925139.8
395;859;757315.96,4903293.6,759550.96,4908154
921;876;754712.39,4875939.6,760841.8,4881769.5
721;504;723864.48,4906923.8,731389.09,4912183.7
973;769;750344.52,4879460.6,756751.62,4884524.4
285;749;728479.77,4908099.6,730320.21,4912936.5
927;951;736500.26,4889610.2,743536.14,4896828.3
792;503;713204.02,4878553.1,723845.09,4885311.2
429;555;738244.18,4874139.8,742922.88,4880192.6
588;481;744766.29,4900155.9,749421.45,4903964
364;888;721851.15,4871713.3,723888.39,4876683.3
403;416;718838.12,4881776.2,721738.08,4884769.7
425;910;692033.06,4916213.7,694787.12,4922110.6
752;352;721525.75,4907737.5,731069.35,4912204.7
726;703;708680.08,4880391.9,718113.99,4889527
547;438;713959.05,4899433.3,716897.9,4901786.5
631;842;699660.57,4904922.6,706676.58,4914284.7
393;737;726766.96,4877615.8,745233.42,4912246.3
564;776;698323.35,4893552.8,712849.52,4913539.2
772;361;731751.24,4908888.8,739585.07,4912552.1
794;452;713155.5,4888210.1,735963.39,4901193.9
666;369;744801.84,4920847,757789.5,4928042.8
823;404;692894.86,4893980.1,699674.25,4897308
502;867;753232.3,4913422,756375.64,4918850.8
279;322;716596.55,4916846.9,719703.68,4920432.9
898;256;694638.7,4873132.3,702669.73,4875421.8
1006;487;695651.73,4887271,703290.75,4890969
898;942;740590.72,4886357.5,752615.55,4898971.5
642;513;721540.17,4921337.5,726784.26,4925527.9
825;766;735130.26,4902809.6,739490.46,4906858
733;316;739829.71,4915267.5,744952.98,4917476.1
912;623;722952.17,4888819.6,728404.1,4892543.9
317;924;734364.71,4890555.1,736290.91,4896169.6
343;496;733203.46,4885056.3,737024.87,4890582.3
595;337;710072.33,4913060.4,718477.98,4917821.2
977;522;727825.83,4873401.7,743933.04,4882007.6
325;264;723642.98,4871775.5,727539.71,4874940.8
973;900;743984.55,4876637.5,754044.39,4885942.6
732;421;736526.05,4891185.3,743722.64,4895324.4
358;991;717827.87,4870521.9,722098,4882342.3
525;1022;695894.06,4879350.4,698588.42,4884595.4
909;795;697630.49,4875843.3,734055.64,4907700.2
382;996;712704.81,4905596.8,714675.29,4910734.5
702;1005;730028.71,4884329.1,734221.84,4890332.1
546;624;732002.47,4880149.2,744704.55,4894665.9
731;434;743978.37,4916570.6,753832.5,4922421.1
344;474;756767.55,4900889.5,759754.72,4905005.5
262;334;757186.28,4889175.2,759624.77,4892283.8
501;410;696359.3,4876253.9,700054.88,4879278.2
565;289;704097.32,4895706.1,737726.85,4912907.8
798;416;696879.82,4880366.6,712324.24,4888417.8
493;831;706105.46,4916923.6,711071.26,4925293.9
582;368;686105.85,4902416.3,701912.47,4912410.8
436;665;742579.55,4914520.7,748518.94,4923579.7
970;363;697317.11,4893253.1,728156.02,4904793.8
334;594;755768.06,4904081.7,758761.69,4909405.7
973;322;727777.8,4902910.5,737153.61,4906013.2
378;260;750040.98,4902130.1,752916.56,4904108.1
947;952;685181.65,4899788.6,713452.55,4928208.8
488;990;694892.38,4875251.9,701150.47,4887947.6
351;868;728602.3,4906256.7,735886.34,4924269.7
832;594;698847.57,4879349.2,714283.43,4890369.5
714;287;711042.15,4874285.8,743134.59,4887185.7
655;503;704945.78,4878879.4,715040.67,4886631.6
331;925;757054.01,4921625.8,758756.55,4926383.7
439;876;712815.46,4898696.8,715368.51,4903791.3
514;437;719645.37,4899610.6,725582.42,4904658.3
292;416;709982.41,4883950.8,713320.6,4888706.6
894;984;730671.08,4899051.2,740684.89,4910073.1
429;647;691943.59,4906984.7,694746.8,4911212.4
644;323;712110.02,4923126.9,717903.01,4926032.4
918;278;717172.34,4894257.6,722698.67,4895931.1
629;303;750236.52,4881233.2,760813.16,4886328.2
883;442;691900.25,4904500.6,699557.3,4908333.4
764;795;720267.19,4877470.6,725485.79,4882901
985;462;708191.1,4890151.4,715916.68,4893775
828;885;731048.82,4899189.3,735862.66,4904334.5
936;544;716458.42,4885133.2,759660.77,4910242.2
440;258;707187.17,4915837.9,713333.58,4919442
706;287;735105.55,4923762.3,746587.51,4928429.9
755;598;728168.27,4892399.7,735401.78,4898129
985;418;704441.26,4899013.1,712981.17,4902637.2
315;274;740249.23,4884764.6,752127.4,4895096.7
355;823;720384.39,4908502.6,723254.02,4915155.3
712;973;717529.45,4871435.3,754500.89,4921959.5
596;646;698562.8,4891095.5,722378.19,4916908.8
299;765;734041.97,4910648.3,738470.57,4921979.1
499;731;747448.55,4897220.4,755860.94,4909544
742;728;737400.94,4902836.5,755060.04,4920162.4
996;768;693382.75,4897200.7,700379.33,4902595.7
519;432;709599.23,4915865.6,715071.51,4920420.5
544;1018;725058.06,4913898.4,729134.53,4921526.8
452;321;713427.79,4903801.7,716273.42,4905822.6
843;614;703099.69,4908048.8,712035.28,4914557.1
646;410;686029.68,4875125.9,713614.07,4892633
314;980;708392.81,4894862.9,719109.57,4928310.1
682;282;701567.04,4883783,732042.39,4896384.3
822;317;734991.92,4878609.4,741577.2,4881148.9
741;268;698253,4874338.2,707820.15,4877798.4
688;435;701799.82,4894080.1,707293.33,4897553.5
842;762;700882.9,4890601.9,705484.33,4894766.1
867;362;746690.48,4915252.7,759537.29,4920616.6
392;1008;743163.39,4886599.9,746128.1,4894223.4
873;714;696513.29,4874084.5,709461.26,4884674.3
574;760;725999.86,4890197.2,751429.23,4923866.7
359;889;685004.27,4871776.4,695815.23,4898547.8
890;479;720439.46,4905250.5,727939.72,4909287.1
693;825;702651.81,4877950.5,716805.04,4894799.6
366;619;687836.71,4884288.5,691193.84,4889966.2
865;283;713508.64,4876237.8,723162.81,4879396.4
282;710;751061.01,4908649.6,753977.05,4915991.5
323;319;729729.02,4893999.6,733907.35,4898126.2
261;652;713779.38,4908018.4,717639.62,4917661.6
694;563;690877.05,4885988.2,704734.8,4897230.2
663;829;704196.21,4878917.7,707640.46,4883224.3
614;830;684850.63,4916429.9,691167.35,4924968.7
833;512;706181.9,4893379,710369.79,4895953
629;284;696317.28,4884263.6,704471.62,4887945.4
375;887;688044.49,4892270.5,691877.11,4901335.9
598;868;702922.72,4879656.5,706468.85,4884803.7
542;354;729891.03,4909642.7,733114.26,4911747.9
295;882;702080.08,4871976.9,708510.93,4891204
365;653;731503.19,4871768.1,743367.04,4892993
367;763;693702.32,4902691.2,696850.68,4909236.7
379;543;707697.55,4907329.2,722587.1,4928661.8
618;1012;709670.58,4892048.7,713937.78,4899036.4
579;753;696327.52,4897233.8,701313.41,4903718
904;869;713367.67,4886902.3,738827.62,4911376.5
870;695;749557.97,4899424.4,757077.63,4905431.5
526;528;746168.5,4916417.1,752427.93,4922700.3
612;618;728605.61,4893940.3,731711.73,4897076.9
467;921;752171.19,4872802.8,755943.54,4880242.4
419;294;722469,4892026.3,726657,4894964.9
394;902;691246.73,4901431,701928.07,4925884.2
627;778;721583.82,4872880,738926.79,4894399.7
933;885;739563.63,4880066.4,753299.67,4893095.8
922;787;710041.68,4870425.6,751775.93,4906049.1
503;303;685605.57,4872480.6,690815.69,4875619.1
680;775;724510.81,4887669.8,728104.45,4891765.5
362;454;699117.53,4890465.7,710322.36,4904518.2
871;737;708082.31,4901915.4,717785.55,4910125.8
737;906;734478.81,4887446.8,744785.57,4900117
368;330;705868.5,4914902.3,711205.21,4919688
932;676;745417.36,4911506.1,758011.33,4920640.8
832;546;723761.37,4922568.7,730328.45,4926878.3
678;924;749140.55,4901446.6,754429.75,4908654.9
651;875;738996.82,4874231.8,744814.14,4882050.7
868;881;686654.05,4890640.4,724426.83,4928978.9
332;282;722169.58,4910342.2,724135.86,4912012.4
571;1024;744619.44,4870856.5,751013.6,4882323.4
316;1018;694779.03,4870966.4,699576.06,4886420.1
406;807;712945.19,4901354.5,722066.33,4919484.5
848;535;725357.55,4887007,733830.63,4892352.6
971;280;725165.58,4912163.1,731351.37,4913946.9
370;580;724983.5,4884799.7,728361.46,4890094.9
739;818;755227.26,4886927.3,760265.95,4892504.6
856;684;699463.5,4875888.8,715208.75,4888470.3
883;797;744348.65,4917399.9,751249.6,4923628.8
259;597;725584.19,4909704.8,728360.95,4916105.3
621;290;685187.55,4873587.8,689882.55,4875780.4
768;796;740049.72,4893143,745035.13,4898310.1
746;877;693287.64,4908097.6,704140,4920855.6
514;349;745706.56,4907306,750079.71,4910275.3
483;356;754840.64,4880844.9,757982.3,4883160.5
640;352;722320.12,4875332.8,725602,4877137.9
911;331;689454.51,4880963.5,711150.06,4888846.3
546;694;704935.83,4877249.9,707712.77,4880779.5
388;578;757464.09,4875363.7,760747.27,4880254.6
575;470;695627.2,4887840.7,710682.36,4900146.6
1016;545;717137.05,4911777.9,731917.09,4919706.2
905;349;739370.78,4872464,754992.32,4878488.2
380;765;695747.61,4915109.5,699289.92,4922240.7
641;437;730867.8,4888261.4,739750.02,4894316.8
663;401;730203.61,4896546.9,742397.04,4903921.8
528;1017;743597.99,4886845.4,757786.87,4914175.1
509;865;709732.68,4920434.9,713371.29,4926618.4
375;749;702671.41,4879211,708641.72,4891135.7
819;267;718357.32,4885179.1,729177.65,4888706.6
256;256;713133.65,4894260,716520.64,4897647
393;628;718084.01,4887204.8,733209.53,4911374.8
550;870;748894.61,4892420.3,755147.04,4902310.5
510;560;739361.96,4894589.2,743984.37,4899664.8
356;827;693278.36,4921298.5,695247.86,4925873.7
556;806;739673.67,4872426.4,747919.24,4884379.5
987;929;702314.41,4884498.8,748588.19,4928053.4
933;576;695094.48,4892272.2,701243.58,4896068.4
445;719;710517.41,4911661.5,713052.53,4915757.6
263;294;685169.24,4888176.6,687231.47,4890481.9
611;513;701031.14,4896435.2,709297.9,4903376
811;940;697397.34,4888162.7,718394,4912499.1
355;393;738543.59,4889135.9,744634.16,4895878.4
372;772;719838.15,4876743.2,744639.34,4928212.4
859;806;686030.96,4890525.5,696412.03,4900266.1
785;540;714382.88,4914625.2,734078.02,4928173.5
275;396;696440.7,4912655.9,701019.59,4919249.5
739;611;717254.7,4881247.1,724026.23,4886845.8
846;334;733288.48,4896724,753845.2,4904839.8
405;711;718604.12,4875478.3,721175.42,4879992.3
909;684;735891.78,4884010,751514.35,4895765.6
1024;456;721310.79,4883525.6,734285.8,4889303.6
614;298;693122.88,4884032.6,703820.28,4889224.5
995;453;688561.21,4910059.2,708232.1,4919014.9
805;326;725758.07,4913221.3,732072.08,4915778.3
1012;612;692080.02,4906590.9,708602.86,4916583
843;420;740479.3,4875614.9,748194.07,4879458.5
414;915;748466.76,4871705.6,754503.21,4885047
262;578;707960.62,4894022.4,713661.61,4906599.5
404;447;701734.78,4892221.5,706804.39,4897830.7
850;883;748760.41,4913985.7,757048.49,4922595.6
730;680;715213.77,4875777.8,722593.01,4882651.6
759;344;714755.59,4904380.7,722120.18,4907718.5
572;468;714660.03,4902299,719855.56,4906549.9
731;322;715873.91,4874058.1,722844.32,4877128.5
281;755;713827.79,4894933.3,715386.26,4899120.7
672;771;742794.38,4872528.6,746363.15,4876623.1
564;1014;693108.17,4914210.4,697721.25,4922504.1
361;381;745592.56,4895075.2,758099.1,4908274.6
289;295;729348.05,4893904.5,743675.71,4908529.6
464;379;751956.4,4887412,759694.98,4893733
420;294;725432.33,4884558.9,729646.97,4887509.2
385;833;731528.69,4872533.1,735818.13,4881813.9
627;833;751295.24,4872330.8,759256.6,4882907.8
1000;606;705216.64,4899239.2,715850.39,4905683.2
866;279;722540.98,4911827.8,751259.18,4921080
636;643;719018.53,4870553.3,735563.23,4887280.2
537;368;702764.79,4922106,710940.86,4927709
281;918;687496.06,4901750.8,695114.15,4926638.4
683;499;687202.18,4893692.7,701214.24,4903929.9
1007;346;737353.42,4916602.2,743334.75,4918657.4
949;739;697392.02,4903521.9,729997.19,4928912.1
398;326;690808.54,4890365.1,698365.45,4896554.9
325;1024;713398.35,4903496,719884.08,4923931.1
609;322;693981.01,4899868.3,731853.91,4919893
688;922;696998.91,4900242.6,703480.06,4908928.1
753;267;719983.45,4898736.3,725160.3,4900571.9
665;683;693035.97,4898063.3,709774.87,4915255.3
582;682;750605.11,4898365.8,757442.89,4906378.5
473;989;754367.99,4895048.1,758189.72,4903039
916;609;727643.24,4884947.8,735609.12,4890243.9
960;938;711550.9,4881470.4,732739.12,4902173
856;410;742312.75,4875247,747449.85,4877707.5
298;505;696088.43,4923420,698685.23,4927820.6
802;692;738422.61,4906933.4,744891.43,4912514.9
947;260;734465.46,4875548.2,741838.82,4877572.6
286;361;704466.3,4907587.2,712588.86,4917839.8
346;903;717065.95,4884713.2,725464.88,4906633
741;518;728328.83,4902081.7,737794.55,4908698.8
588;720;701135.02,4892102.2,707008.79,4899294.6
316;419;729351.01,4894378.3,733131.96,4899391.7
594;621;739344.26,4878250.4,746766.57,4886010.1
577;482;705742.36,4876378.9,708955.92,4879063.3
398;482;724242.05,4912199.3,729569.7,4918651.4
559;288;694367.95,4895281.8,698794.93,4897562.6
770;355;701620.19,4894580.5,740942.76,4912709.7
466;604;714908.63,4894993.4,718527.36,4899683.8
769;469;704769.23,4905420.6,729912.14,4920754.8
371;508;735773.16,4914677.6,742488.54,4923872.7
800;523;736862.8,4896809.2,756495.87,4909644.4
1000;325;695365.44,4877124,713153.04,4882904.9
743;437;708872.48,4903090.3,740669.09,4921791.7
522;323;712751.43,4905151.9,720916.56,4910204.2
268;510;720398,4886248.9,737283.9,4918382.5
471;397;693457.13,4875650.5,705436.11,4885747.5
726;498;708234.19,4895829.2,723622.33,4906384.7
859;261;714133.19,4883047.3,748861.05,4893599
851;949;717808.4,4883434.5,724856.27,4891294
547;494;721673.36,4906174.3,731741.69,4915267
821;636;697747.07,4892219.7,710876.07,4902390.2
531;595;704753.1,4884331.5,710675.86,4890968.1
916;942;709652.36,4886388.7,715182.86,4892076.2
343;598;711939.06,4920507.3,713850.1,4923839.1
593;660;712234.51,4880167.6,715234.63,4883506.7
320;1013;695267.27,4901163.6,697362.23,4907795.5
626;256;721031.4,4877976.6,733129.95,4882924.3
974;345;704379.33,4892389.2,715456.79,4896312.9
694;527;715220.18,4920120.2,720949.15,4924470.6
786;548;742511.47,4914146.3,747007.5,4917281
462;737;755079.07,4908118.9,760357.24,4916538.8
393;978;744068.05,4876405.8,754224.83,4901681.5
640;339;724542.13,4905649.8,739210.58,4913419.5
391;452;707810.22,4884781.9,714670.73,4892712.7
580;727;689700.71,4911890.8,693246.95,4916335.8
807;435;707732.34,4899714.8,749372.48,4922160.2
1024;685;713653.91,4883887.3,754455.94,4911181.7
689;510;685900.93,4907885,693777.54,4913715.3
848;379;724236.1,4876709.4,731338.23,4879883.6
870;317;722880.44,4916357.3,727356.09,4917988.1
318;520;710735.66,4883254.9,730725.05,4915942
893;485;706857.92,4877793,712588.65,4880905.4
994;1022;685602.81,4889734.7,713749.46,4918674.2
991;792;746866.07,4911706.5,758515.75,4921016.8
976;629;708416.22,4883256.6,750684.37,4910497
696;300;720960.72,4901153.4,725817.16,4903246.7
985;878;715901.63,4908021,729935.08,4920530
808;407;716854.17,4882884.8,723958.7,4886463.5
334;354;705647.34,4920026.2,710792.27,4925479.2
674;356;688419.22,4888211.3,697092.51,4892792.4
600;289;687726.9,4904512.4,701858.06,4911318.9
782;884;733858.95,4916514.6,740691.2,4924238
529;588;726568.36,4912083.7,731192.13,4917223.1
427;685;750353.46,4872535.5,754797.37,4879664.5
675;636;740214.64,4920141.7,743723.05,4923447.4
785;816;693553.33,4894814.1,699969.81,4901484
559;504;720651.52,4877686.6,733784.02,4889527
803;277;706537.42,4891993.3,720419.52,4896782
855;435;747384.39,4877006,752294.85,4879504.3
753;341;725083.12,4885872.9,729309.43,4887786.8
1021;546;698307.31,4891190.3,748736.97,4918158.6
379;705;704451.38,4905429.4,707987.48,4912007.1
561;815;727763.85,4915841.9,734434.5,4925532.8
836;397;740881.93,4912760.3,753590.62,4918795.4
375;679;699298.59,4881854.2,704048.67,4890455
824;792;740487.4,4916437.8,748803.13,4924430.5
305;806;738955.58,4889083.1,741291.44,4895255.9
691;754;721816.43,4884417.5,733000.39,4896621.1
1005;764;684750.16,4882953.3,712726.56,4904220.9
894;889;748794.96,4873656.3,760009.01,4884807.7
680;348;699331.88,4889976.7,713201.99,4897074.9
283;899;684993.14,4870745.4,695044.26,4902674.6
632;798;689705.28,4879257.4,714355.34,4910382
393;341;738883,4909720,756101.89,4924660.5
968;450;703527.56,4914503.2,723172.51,4923635.7
560;967;728735.88,4872729.1,731882.12,4878162
646;502;702138.79,4899164.2,725671.29,4917451.1
770;286;736812.37,4879873,749142,4884452.5
526;975;731855.59,4890776.8,735660.01,4897828.8
410;829;715580.43,4878967,735463.72,4919170.1
329;567;723783.9,4909565.9,730714.7,4921510.4
883;321;752808.42,4882177.8,761070.46,4885181.3
492;396;697137.94,4894557.7,700996.47,4897663.3
686;380;753862.74,4887406.7,758859.22,4890174.4
402;562;707825.35,4921861.2,712347.64,4928183.4
610;740;704119.01,4912643.6,707780.71,4917085.6
663;447;688214,4907845.9,692317.9,4910612.8
493;675;702277.04,4876741,706737.44,4882848.1
927;409;744205.44,4904492.2,753001.94,4908373.3
373;721;717987.6,4919286.9,720174.3,4923513.7
460;773;709327.41,4874488.5,712242.52,4879387.1
554;729;750543.69,4918050.3,753801,4922336.5
916;606;715031.66,4890179.9,722598.51,4895186
606;1001;756389.88,4908926.9,759981.97,4914860.4
839;461;710961.76,4906178,731638.47,4917539.1
1013;475;695241.5,4896619.3,747421.08,4921086.5
415;653;713667.11,4887439,718657.99,4895292.1
496;472;736361.1,4890779.1,740373.96,4894597.8
337;276;742499.86,4919570.6,746735.54,4923039.5
905;496;706508.35,4879182.9,711897.31,4882136.4
710;418;724184.62,4875172.5,735783.02,4882000.8
623;560;732058.01,4872967.7,736919.94,4877338
473;910;742710.06,4916620.2,745188.99,4921389.4
911;393;711309.13,4889239.2,718451.72,4892320.4
857;799;708670.98,4884509.6,733934.83,4908063.6
549;687;704562.6,4878214.7,733810,4914813.9
842;593;755099.43,4873450.2,760284.62,4877102.1
379;652;728925.79,4891211.7,736948.98,4905014.1
331;530;724356.23,4887273.8,735764.83,4905541.4
291;850;726101.38,4894982.2,729368.32,4904524.8
1017;877;725368.8,4890862.6,747103.56,4909605.4
878;674;742690.18,4893167.4,757372.68,4904438.5
273;876;697000.6,4875752.4,698419.26,4880304.6
583;970;724757.85,4893861.3,734972.03,4910855.7
630;723;738794.38,4873672.6,743381.36,4878936.7
725;703;743303.08,4895158.7,750005.9,4901658.1
865;655;733895.59,4918284.9,746869.13,4928108.8
290;309;737973.34,4909685.5,753795.99,4926544.8
406;481;751160.46,4885277.2,757347.85,4892607.6
987;670;716465.76,4908992.7,728672.67,4917279
298;553;733168.08,4873247.4,743018.31,4891526.5
504;304;712494.3,4912903.8,718879.8,4916755.4
646;799;737051.42,4890460.7,759136.92,4917776.9
557;762;718603.67,4891470.3,725461.69,4900852.3
577;423;701442.64,4918932.3,714148.13,4928246.7
903;829;689246.31,4881264.1,703722.85,4894554.3
822;604;731056.41,4914268,735603.1,4917608.9
735;484;730992.52,4914951.1,735016.42,4917600.8
391;465;738151.35,4887638.6,745768.75,4896697.7
619;402;733287.23,4894540.1,747531.72,4903791
426;894;718177.95,4890687.9,725126.59,4905270.2
615;960;722515.14,4899469.1,728716.84,4909149.8
557;420;712167.5,4876564.2,729093.08,4889326.8
661;912;739423.48,4883421.6,753309.52,4902580.6
900;542;686708.84,4870787.3,700446.25,4879060.3
769;664;740798.13,4880651.2,753375.08,4891510.9
539;750;713348.84,4910952,723046.16,4924445.5
754;412;687347.26,4917977.6,697735.53,4923653.9
845;544;686461.68,4870588.8,717906.41,4890832.5
1001;397;699433.14,4900168.5,706107.45,4902815.6
287;890;743486.68,4876391.1,752604.26,4904665.2
758;1000;715697.72,4911046.6,724653.31,4922861.4
558;850;724278.01,4871946.1,727863.18,4877407.4
944;520;708457.95,4890545.2,727983.35,4901300.7
285;331;746863.67,4880809.5,748525.22,4882739.3
384;624;712457,4878515,728666.56,4904855.5
613;545;687421.11,4892292.6,693025.88,4897275.7
893;976;690702.55,4898594.6,709014.94,4918609
624;738;716792.78,4871785.7,720492.05,4876160.8
312;867;713761.78,4881211.3,719239.76,4896433.7
357;932;729235.16,4889299.8,740467.07,4918622.3
599;519;700051.94,4886773.2,716857.76,4901334.5
369;643;738057.03,4896695.6,747298.97,4912800.1
734;791;696622.5,4876866.5,712566.26,4894048.3
358;780;703994.75,4913679.9,707876.76,4922137.9
533;909;687734.86,4896686,691115.54,4902451.5
425;655;722956.8,4896636.1,730326,4907993.3
921;741;750325.46,4902575.1,755253.22,4906539.8
976;649;723770.71,4912829.1,738604.74,4922693.2
850;917;740936.77,4870747.4,750405.82,4880962.8
519;519;736311.59,4895855.5,750985.54,4910529.4
705;673;721987.96,4901815.1,727650.94,4907221
396;345;699137.54,4916394.8,702879,4919654.4
739;557;705299.48,4905921,711376.92,4910501.7
288;272;704001.96,4885741.4,705688.51,4887334.3
775;324;725513.13,4914020,738601.71,4919491.9
559;860;739089.45,4893561.5,746603.92,4905122.2
682;602;697081.43,4923433.2,701461.78,4927299.7
432;381;691953.23,4892040.8,696458.92,4896014.6
363;848;710396.25,4874932.5,722487.78,4903179.4
468;973;717987.55,4911833.4,721461,4919054.9
994;943;705953.18,4900151.9,712602.39,4906459.9
328;701;702150.36,4914857.8,707476.4,4926240.6
421;276;707388.11,4887079.5,710450.45,4889087.1
998;605;706289.95,4910527.5,727123.34,4923157
346;934;687541.19,4897529.1,695876.51,4920029.6
860;971;725870.44,4896773.1,743866.07,4917091.4
308;895;694012.8,4905118.9,696624.86,4912709.1
546;632;706939.81,4887564.6,712945.48,4894516.2
401;326;719997.88,4887654.9,737624.77,4901985
468;521;712223.37,4891598.3,723241.98,4903864.8
316;460;686384.09,4880794.1,693811.32,4891605.9
491;601;755948.29,4919338.3,758539.66,4922510.2
833;925;741963.38,4870728.8,751110.97,4880886.7
901;354;697197.1,4903645.3,722740.62,4913681.3
903;813;714160.13,4892509.6,721602.98,4899210.6
372;1002;694023.4,4893289.2,705199.84,4923393.5
375;514;707714.87,4900330.6,717318.52,4913494
493;694;695516.19,4903520.7,704504.26,4916173.2
990;434;731951.32,4911939.1,738354.68,4914746.3
911;336;705339.81,4899874.6,711318.94,4902079.9
666;566;748995.21,4881709.9,752423.58,4884623.5
323;317;686370.59,4913636.2,695263.45,4922363.9
904;705;694693.19,4883173.6,706536.03,4892409.5
626;829;744571.48,4883148.9,748064.17,4887774.2
890;407;729940.31,4900557.7,736090.12,4903370
299;260;728963.47,4886026.1,734004.26,4890409.4
381;298;702119.37,4877624.5,704171.7,4879229.7
518;437;715421.48,4890612.9,724227.19,4898041.6
785;679;707645.64,4878529.7,713703.54,4883769.6
747;898;732310.07,4873459.2,746235.64,4890199.7
528;351;698770.58,4911731.3,710233.87,4919351.8
450;911;735995.08,4887686.8,745325.45,4906575.7
626;703;716208.04,4905418.4,722480.21,4912462.1
352;925;712128.62,4887509.6,714546.24,4893862.7
885;489;704557.57,4895147,740608.05,4915066.4
581;859;742887.74,4915934.4,749128.29,4925160.9
736;412;723608.27,4902629,734523.84,4908739.3
295;372;695169.14,4892491.7,698216.87,4896334.9
585;940;718116.39,4889184.7,723328.61,4897559.8
692;917;744820.6,4911586.8,753607.27,4923230.4
414;720;742596.14,4888851.7,756147.13,4912418.6
635;863;688529,4916443.7,692280.26,4921541.9
988;1012;705094.15,4894425,728957.73,4918868.3
404;391;741109.11,4923387.8,746352.69,4928462.7
325;449;717718.06,4911540.2,719367.61,4913819.1
717;592;719682.13,4919740,724133.29,4923415.1
589;451;735083.79,4915317.1,746088.17,4923743.2
605;407;730758.54,4924434.1,734146.17,4926713.1
627;542;726797.61,4897611.1,760662.17,4926884.8
666;651;713622.9,4870607.1,723140.05,4879909.9
571;384;695436.8,4874144,707975.76,4882576.6
403;345;687726.03,4915278.3,694554.27,4921123.8
430;943;725871.81,4918596.1,729784.8,4927177.4
396;434;724214.42,4914876.6,726909.82,4917830.7
687;330;746434.94,4872218,752985.79,4875364.7
728;721;698061.45,4923484.2,703057.92,4928432.6
807;914;717701.13,4874155.6,753502.25,4914703.6
766;885;728262.02,4892529.3,745135.1,4912023.7
876;352;723880.99,4890786,738765.84,4896767.2
347;708;701973.23,4875320.4,703770.88,4878988.2
554;971;732611.97,4919124.7,735396.84,4924005.8
879;601;716459.2,4916315.7,733234.13,4927785.2
320;420;705619.6,4907901.8,717274.04,4923198.3
773;782;721540.53,4901570.4,727338.6,4907436
731;560;715582.99,4881521.3,723256.35,4887399.7
849;291;695828.04,4871882,758199.59,4893260.2
615;504;685626.05,4890166.4,696104.61,4898753.7
269;582;701019.46,4884793,710938.41,4906253.3
931;825;692420.31,4907998.7,703357.23,4917690.4
283;448;721150.42,4878574.6,731649.57,4895195.2
874;556;744548.41,4921922.1,754979.14,4928557.7
520;441;715194.36,4875672,740287.45,4896952.9
410;817;687429.79,4871728.2,690513.02,4877872.1
863;293;704042.44,4909505.3,716162.93,4913620.3
432;864;748374.64,4900499,759263.01,4922275.7
920;659;686846.77,4901323.1,699414.4,4910325.3
288;276;699989.46,4885239.2,702187.43,4887345.6
862;286;692012.55,4885514.7,730418.23,4898257.1
917;465;692312.95,4889745.4,707819.01,4897608.3
995;897;695101.76,4874048.5,751745.34,4925113.1
518;524;743811.69,4872465.4,757226.19,4886035.3
572;309;728682.33,4880694.4,746555.04,4890349.4
344;868;709624.71,4895172,715474.08,4909931.5
377;353;734160.03,4871648.7,738102.34,4875340
343;958;723303.66,4913768.7,726231.71,4921946.7
1022;656;700357.35,4885106.8,722736.01,4899471.2
558;378;723875.45,4924094.8,728170.85,4927004.6
811;464;720858.39,4897302.5,725185.06,4899777.9
314;549;748773.05,4890799.1,751760.05,4896021.6
650;682;712466.66,4883389,739328.98,4911573.8
615;982;686033.5,4879003.7,690137.58,4885556.8
275;907;741140.78,4876045.7,746073.78,4892315.6
776;736;705956.64,4889822,717525.05,4900794.1
939;333;698906.62,4913925.6,724451.44,4922984.6
547;821;692954.78,4895553.2,697439.15,4902283.9
769;1021;693857.06,4890261,700448.91,4899013
927;389;684979.58,4909809.9,694117.05,4913644.3
872;576;708842.41,4892151.7,737289.87,4910942.7
953;685;684847.45,4922655.7,692058.13,4927838.6
715;354;687273.87,4872498.4,703301.58,4880433.8
518;433;697043.71,4919084.5,701083.66,4922461.6
604;921;738995.27,4887457.4,751003.95,4905768.7
991;1023;715970.36,4893312.9,738724.59,4916801.9
523;267;699897.01,4910279.6,703516.44,4912127.4
902;591;722373.34,4877746.2,753357.57,4898047.4
701;932;729491.74,4888295.8,748777.12,4913936.3
780;924;686272.01,4881780,697968.57,4895635.9
937;844;689042.46,4887313.6,733383.57,4927253.7
425;713;702260.03,4891149,704676.21,4895202.5
682;449;700798.8,4901093.3,704928.03,4903811.8
671;807;696770.2,4870848.3,723336.93,4902799.6
308;256;690669.87,4914251.3,692737.3,4915969.6
361;636;718561.64,4893676.7,723038.69,4901564.2
824;701;708552.59,4911202.3,719676.21,4920665.5
920;564;693313.01,4878173.1,702301.74,4883683.6
893;903;699054.48,4887894.4,707074.46,4896004.2
872;884;747927.92,4889728.6,753195.28,4895068.4
283;407;722177.6,4912700.5,727372.96,4920172.3
335;699;723977.33,4889341.5,731629.62,4905308.5
666;940;710026.71,4913758.9,720553.9,4928617.1
618;401;706223.13,4903066.9,710702.52,4905973.5
489;728;689544.12,4888947.5,696105.43,4898715.7
446;611;686627.64,4892966.8,692491.58,4901000.1
644;303;708782.55,4872003.1,727613.32,4880863
725;593;732314.01,4891103.3,737738.96,4895540.5
320;810;685229.72,4891138.3,696374.17,4919347.7
879;273;687088.41,4908215.6,697142.59,4911338.2
646;392;709750.01,4903275.3,730308.65,4915750.5
456;381;689655.75,4903688.8,704590.96,4916167.6
623;948;719452.46,4912728.4,729273.87,4927673.3
613;470;731659.56,4876307.1,742113.95,4884322.7
348;981;688913.41,4878818.7,700185.88,4910595.4
964;838;740104.7,4892690.7,760534.13,4910449.9
618;755;742656.5,4897563.3,756138.47,4914033.9
339;643;702636.54,4919670.7,704982.57,4924120.5
389;938;736439.2,4895191.1,744880.89,4915546.7
780;614;741019.39,4887590,760664.01,4903053.8
440;748;751630.28,4874198.7,758914.32,4886581.6
277;568;719850.24,4879001,722585.93,4884610.6
483;633;745058.55,4872418.8,753302.49,4883223
305;311;711755.98,4882191.3,730882.36,4901693.9
393;796;743104.98,4884098.3,750393.06,4898859.9
774;430;705305.12,4921480.1,714802.55,4926756.5
730;429;733185.62,4917995.5,742122.68,4923247.6
317;446;735490.62,4905452.3,738341.84,4909463.8
974;972;714724.08,4880933.1,744321.23,4910469.5
700;575;753899.39,4881652.4,758071.51,4885079.5
763;673;715564.47,4881080.5,721517.18,4886331
908;524;749900.39,4911598.5,760150.03,4917513.5
880;371;705179.28,4884693.2,716969.67,4889663.9
330;839;751476.97,4900413.8,761060.35,4924778.8
672;472;749337.35,4898943.7,760856.95,4907034.8
271;964;730543.1,4882268.3,739014.52,4912402.8
623;784;706186.66,4892593.6,715967.12,4904901.6
776;373;702650.7,4905668.1,712117.58,4910218.5
782;996;697736.54,4907480.5,713090.21,4927035.8
572;429;691497.74,4898393.4,700120.48,4904860.5
327;828;748469.95,4921868,750681.19,4927467.1
684;673;737360.4,4890162.4,750320.36,4902914
628;911;708105.9,4915035.1,712885.96,4921969.2
699;903;755730.87,4904930.8,760646.82,4911281.4
283;403;725238.39,4897842.6,728168.26,4902014.8
996;950;738261.39,4899030.6,750108.82,4910330.8
684;827;690897.57,4890932.8,715320.31,4920461.5
697;453;720619.5,4895299.6,731376.12,4902290.6
479;497;716264.8,4883125.5,720511.37,4887531.6
877;985;687503.68,4906113.3,703184.88,4923725.6
732;1024;720510.66,4873103.6,726459.86,4881426
268;950;703322.14,4891673.2,711558.1,4920867.8
455;926;752437.1,4873381.9,760252.82,4889288.1
645;676;738226.49,4891349.3,742431.67,4895756.6
902;391;689334.08,4883681.5,753793.54,4911623.4
368;382;703605.74,4881127.5,711992.11,4889833
311;287;730841.22,4910515,733741.5,4913191.5
918;705;686201.13,4872631,703777.87,4886129.5
342;564;687208.97,4907915.1,693700.84,4918621
358;260;730060.85,4892920.7,739779.49,4899978.9
887;1012;728659.9,4909096,744714.75,4927413.4
497;779;711350.84,4876106.8,716319.28,4883894.4
425;825;721022.1,4880192,733048.06,4903536.5
289;696;713723.97,4905782.2,721957.97,4925612.1
287;297;711454.72,4914782,721325.99,4924997.2
446;429;721181.7,4880191.9,726590.55,4885394.6
765;620;698999.72,4913669.7,708011.2,4920973.1
334;637;749000.56,4874768.6,750756.88,4878118.2
1017;512;742581.25,4907327.9,750269.69,4911198.5
457;883;717276.15,4908221.6,727018.12,4927044.7
926;887;727417.52,4915819.1,733550.91,4921694.2
515;721;719344.65,4892629.4,738190.62,4919013.7
986;792;713817.29,4884503.1,743967.36,4908721
1001;927;685685.57,4871306.6,701794.9,4886225.1
587;491;696700.45,4916003.5,704612.26,4922621.4
546;272;716784.01,4906541.5,748402.99,4922293.1
442;631;689602.28,4875557.5,710064.2,4904769
357;838;724594.69,4903525.1,727708.82,4910835
417;426;704772.53,4891405.5,725302.84,4912378.9
768;991;693723.66,4891034.7,701332.22,4900852.5
866;799;686673.34,4909086.9,691524.74,4913563
553;324;704103.01,4918555.7,712940.66,4923733.6
707;1014;716866.9,4911309.3,721249.66,4917595.2
836;530;719297.34,4884032.9,725036.79,4887671.5
567;944;700159.45,4896623.5,703315.44,4901877.9
380;888;707335.75,4880404.3,716389.79,4901562.2
739;294;722906.49,4923305.6,726930.69,4924906.6
593;657;704131.52,4879103.9,711917.62,4887730.4
269;309;718083.7,4897993.1,720550.86,4900827.1
772;463;691481.7,4909722.6,697209.33,4913157.7
794;879;735079.93,4881282.7,740085.2,4886823.7
662;353;710705.22,4917787.4,730297.45,4928234.6
275;505;721878.72,4883543.5,726678.39,4892357.5
374;677;701459.87,4896547.4,713677.23,4918662.8
846;623;685437.76,4878314.6,708454.57,4895264.4
570;364;693450.01,4884741.8,709114.62,4894745.2
370;819;725841.36,4909858.8,729198.2,4917289.2
356;389;753575.35,4915136.5,759101.58,4921175
545;363;717899.05,4911091.2,723305.22,4914692
304;875;696901.99,4877712,698924.47,4883533.3
846;789;708547.43,4886526.7,752017.84,4927068.3
503;326;736578.05,4901512.5,740823.47,4904264
356;977;701463.47,4886781.9,707975.04,4904652.1
903;869;716768.6,4884488,726112.77,4893480.4
374;386;704870.37,4891089,730855.92,4917908.3
659;914;720584.46,4886232.3,724046.14,4891033.4
959;260;702804.26,4897819.1,713613.57,4900749.7
826;848;685464.9,4890464.8,694319.76,4899555.5
910;596;690612.38,4872847.3,695348.29,4875949
606;1023;699282.93,4890556.2,712929.79,4913593.7
965;432;694727.89,4901257.7,744757.74,4923654.4
429;583;721565.98,4872727.5,739628.83,4897274.5
596;321;717504.13,4879178.7,720748.58,4880926.2
461;589;686033.93,4900080.9,697599.37,4914857.5
318;690;688027.03,4894878.6,694470.05,4908858.7
716;501;728741.93,4888302.8,733958.11,4891952.7
764;643;726346.31,4908585.1,741840.43,4921625.3
837;954;719158.23,4884076.9,728016.42,4894173.3
276;460;703509.96,4882570.8,708060.28,4890154.7
991;830;729353.38,4918966.2,734515.29,4923289.5
789;816;708675.65,4894592.1,735699.8,4922541
813;747;698313.99,4894418.6,728370.41,4922035
692;487;745758.02,4886420.7,750791.47,4889963
297;287;690871.16,4904492.8,692561.25,4906126
413;636;685337.27,4884414.6,700334.67,4907509.8
915;631;716408.62,4878475.5,724244.49,4883879.3
539;396;701978.64,4913460.8,712039.77,4920852.6
919;695;732357.19,4896987.7,740239.53,4902948.8
518;898;690060.46,4905072.7,693403.85,4910868.7
280;384;685291.79,4892409.9,696723.05,4908087.1
389;437;722110.62,4903610.5,726824.02,4908905.5
926;1012;727925.7,4871470,739802.75,4884450.1
680;759;713908.69,4901521.1,726134.14,4915166.9
395;699;701196.66,4899306.8,713737.81,4921499.9
1021;896;721456.54,4907485.5,743547.37,4926871.7
960;441;712328.34,4881631.5,719453.69,4884904.7
331;944;746102.89,4885740.9,748048.68,4891290.2
295;462;698249.43,4909891.6,704048.13,4918973
602;351;700654.14,4904911.2,704863.08,4907365.3
705;877;709443.14,4872459.5,746726.86,4918839.4
511;637;733889.86,4876403,748421.58,4894517.9
864;873;696673.8,4897196.2,723799.28,4924604.2
546;571;697455.32,4910324.7,713914.77,4927537.8
897;782;707805.99,4916828.1,712594.52,4921002.7
320;733;722807.83,4894035.7,727699.9,4905241.6
428;579;692145.99,4901308.8,695016.68,4905192.2
649;636;700082.81,4880811.8,704713.38,4885349.6
827;484;731065.28,4889112.3,737349.2,4892790
351;856;730969.94,4881247.3,737934.01,4898230.9
295;378;733473.09,4894736,735978.71,4897946.6
270;800;723298.47,4885831.7,735322.06,4921457.2
631;816;706980.57,4885606.2,733037.83,4919303.1
686;358;715099.77,4894379.7,741807.13,4908317.4
273;433;746443.26,4894660.7,758015.22,4913014.8
796;736;722207.86,4878572.4,751058.66,4905248.5
450;439;729306.19,4884498.5,733603.6,4888690.8
773;696;713053.54,4895092.6,719921.59,4901276.5
876;453;699374.95,4904128.1,735467.6,4922792.4
460;289;736056.46,4892219,741989.64,4895946.6
994;784;748702.29,4911771.6,756175.06,4917665.6
543;739;722368.77,4896976,731142.03,4908916.1
755;357;751866.02,4924382.9,759082.27,4927795.1
469;559;700982.15,4886085.5,709123.51,4895789.2
462;397;727585.54,4906031.3,731346.51,4909263.1
341;398;719628.25,4910629.4,726282.9,4918396.4
997;954;748468.59,4887085.8,759825.59,4897953
273;875;728426.41,4874096.6,733433,4890143.4
437;272;747533.61,4906285.5,750741.68,4908282.3
896;354;724985.82,4906690.4,733816.08,4910179.2
960;935;700787.41,4897777.4,730995.3,4927198.6
378;489;722739.11,4882166,725632.09,4885908.5
860;457;709362.79,4887720.1,723386.92,4895172.4
774;264;730937.01,4871456.4,740525.11,4874726.8
265;951;728643.9,4888943.2,735968.4,4915228.5
1003;713;704341.34,4901744.4,713797.29,4908466.4
802;642;713553.1,4882846.6,718834.21,4887074.1
405;680;737670.53,4874613.4,740560.02,4879464.9
999;415;727296.27,4886031.4,735077.77,4889264
258;830;711585.95,4883579.7,720408.94,4911963.8
413;935;733204.51,4897526.5,737179.79,4906526.2
603;903;720198.41,4876125,739194.46,4904571.9
898;895;732714.35,4913324.3,739912.93,4920498.8
761;923;696963.41,4919286.6,701741.97,4925082.4
287;532;707261.2,4875175.3,710387.76,4880970.9
296;874;697547.1,4890282.3,699138.33,4894980.7
760;280;712359.24,4897458.3,726799.11,4902778.2
274;626;702413.05,4917087.9,705122.62,4923278.4
825;742;726601.86,4878443.5,731073.45,4882465.3
471;392;742632.08,4918471.6,754918.05,4928696.9
933;670;744291.74,4915961.6,759829.54,4927119.5
670;902;699979.2,4903393.6,706679.5,4912414
748;595;725614.86,4884999.6,737878.52,4894754.8
592;932;725868.65,4877677.9,732072.73,4887445.2
649;723;698896.39,4874408.6,733106.88,4912519.9
692;411;713788.32,4872268.6,718286.39,4874940.1
779;749;721656.32,4903627.5,742411.3,4923583.2
334;461;739593.42,4892612.5,757239.18,4916967.9
728;962;691915.18,4875975.4,713872.41,4904990.3
997;341;731785.25,4893234.9,745326.46,4897866.3
467;510;707426.42,4904398.4,725266.6,4923881.3
705;575;700817.31,4881490.8,755730.42,4926278.1
622;609;720646.96,4892277.5,744022.27,4915164.2
642;555;713198.03,4896355.3,728592.7,4909663.8
424;537;701058.46,4899184,711653.23,4912602.4
1021;309;701952.62,4895059.6,721548.69,4900990.3
371;583;719223.96,4906088.5,729562.77,4922335.2
907;1023;708792.96,4874651.5,737456.88,4906981.3
683;378;690570.11,4901116.9,699779.57,4906213.8
936;479;692972.58,4884671.4,698483.71,4887491.7
554;722;693784.98,4888099.6,698981.16,4894871.5
573;672;747558.09,4881177.5,752593.26,4887082.6
282;671;747450.45,4889112,756057.81,4909592.6
275;400;736974.21,4875895.2,738557.71,4878198.4
437;448;713249.89,4893557.9,726238.73,4906873.7
375;424;752911.6,4876595.8,757251.95,4881503.3
950;1003;737034.44,4908868.6,752873.12,4925590.9
945;882;702588.38,4871146.3,726956.16,4893889.5
740;1023;745210.71,4878507.3,752945.91,4889200.7
1001;477;718126.24,4870803.6,748719.19,4885381.9
679;292;689957.3,4922706.3,694904.71,4924833.9
902;649;720343.85,4880913.5,727040.33,4885731.7
501;1014;715875.37,4892121.3,719927.64,4900322.9
361;618;738151.43,4901656.3,744131.18,4911893.1
789;782;753195.17,4921542.3,757543.09,4925851.6
517;692;730745.42,4886578.3,734280.1,4891309.4
306;535;688030.03,4881551,693864.44,4891751.7
676;458;708686.6,4881178,713000.33,4884100.6
528;780;751690.96,4894483.4,754346.54,4898406.5
793;796;746260.67,4908726.3,759996.28,4922513.9
572;381;715654.78,4923994,722375.86,4928470.8
490;366;747331.27,4883946.3,758514.9,4892299.8
269;329;714747.06,4910457.2,716433,4912519.2
525;406;712008.97,4903036.7,715210.2,4905512.3
514;461;710438.82,4871509.8,744920.92,4902436.4
384;374;724999.57,4893893,727766.43,4896587.8
951;1015;710339.85,4874700.8,718934.01,4883873.3
851;921;690357.56,4883679.5,711990.68,4907092.1
391;496;696556.25,4874618.7,702749.93,4882475.7
678;808;686252.94,4889146.3,715636.7,4924164.1
366;426;700611.25,4881702.8,710834.09,4893601.5
501;400;749185.36,4919085.6,752390.29,4921644.4
698;788;728997.09,4879840.3,737372.64,4889295.8
440;787;730510,4894321.2,733067.72,4898896
556;835;699053.68,4877567.6,706051.96,4888077.7
430;560;696944.12,4915921.7,699415.13,4919139.7
921;393;685612.74,4887130.3,754739.05,4916627.2
708;359;693535.99,4896726.4,700880.66,4900450.6
644;416;743129.33,4898267.6,749511.83,4902390.5
762;569;688521.1,4885722.8,701781.3,4895624.5
273;260;721613.76,4888270.6,723438.38,4890008.3
609;452;712923.22,4908331.1,724546.98,4916958.3
720;375;707462.93,4915420,725333.5,4924727.6
1015;380;688943.59,4891282.5,697851.18,4894617.4
1018;995;717140.63,4876289.5,723486.98,4882492.4
926;774;712770.07,4882239.7,759771.36,4921525.8
750;504;703831.59,4890443.6,732785.02,4909900.3
304;276;717019.81,4893043.1,741240.79,4915033.2
350;501;752428.36,4897155.1,757672.05,4904661
968;765;699927.97,4904476.5,708328.97,4911115.8
528;656;730624.9,4896231.1,747744.28,4917500.6
752;538;702674.18,4895944.9,712940.13,4903289.4
478;794;698819.62,4882022.5,716171.03,4910844.7
695;824;726886.79,4881497.1,755176.14,4915037.3
1007;672;709343.5,4880051,738247.46,4899339.4
971;609;723301.23,4874794.3,728661.79,4878156.4
956;862;748142.41,4922495.5,753751.98,4927553.5
594;319;730341.18,4914725.6,743153.02,4921606.1
916;545;738432.32,4875189.2,743714.61,4878332.1
646;630;727377.76,4913783.8,735677.4,4921877.8
623;257;724701.17,4879243.6,755409.36,4891911.4
752;723;722915.42,4875320.3,733558.25,4885552.7
750;945;742358.64,4913516,750671.65,4923990.4
594;602;736023.35,4905653.9,755770.61,4925667.1
704;835;733620.48,4882234.2,751281.86,4903182
291;868;687486.29,4882718.8,696406.93,4909327.4
441;434;738068.36,4892565.8,760678.38,4914817
338;334;746553.33,4891674.5,759458.49,4904426.9
330;318;756304.76,4920533.3,758084.57,4922248.4
506;668;731510.45,4877203.1,758164.26,4912390.4
327;596;703774.47,4895221.4,714230.72,4914279.3
438;1006;700529.16,4904799.4,703356.42,4911293
950;584;705205.77,4871592.7,751505.03,4900054.6
538;643;684768.07,4899262.3,693964.54,4910253.7
268;748;752625.5,4899675.7,754301.23,4904352.7
524;663;725596.55,4888404.8,737016.11,4902853.6
753;736;752995.84,4916014.9,759490.59,4922363.1
944;870;743057.75,4875724.9,749106.5,4881299.5
561;551;699358.12,4897094.9,713355.54,4910842.8
404;279;740595.11,4904760.5,746635.04,4908931.6
386;989;734146.13,4879397.7,741985.85,4899484.5
979;624;738371.16,4922344.3,743527.96,4925631.2
939;488;746954.46,4875270.9,754334.85,4879106.5
919;483;692875.1,4874563.5,716398.68,4886926.8
727;541;719870.19,4878299.5,749539.43,4900378
694;421;723890.05,4903323,733632.9,4909233.3
775;346;706370.23,4874732.4,714714.84,4878457.8
642;381;754161.71,4913956.6,759647.82,4917212.4
268;798;724082.07,4895704.4,726798.74,4903793.6
719;351;687911.49,4896005.1,742246.57,4922530.3
695;603;706499.69,4913800,711801.97,4918400.4
1001;388;692720.98,4893448.6,705385.46,4898357.5
573;910;729715.53,4897705.8,734827.62,4905824.5
790;759;687458.3,4898352.2,703822.01,4914073.8
458;278;700775.23,4870932.7,703517.95,4872597.5
887;392;708197.75,4885556.7,726396.34,4893599.4
604;843;743937.48,4893504.6,748412.36,4899750.2
333;715;706262.93,4875059,708229.41,4879281.3
334;380;748814.65,4873013.6,750819.4,4875294.4
315;785;692762.71,4899993.3,698165.82,4913458.2
619;779;692136.29,4893583.3,698573.91,4901684.9
970;336;706548.89,4887431.2,712130.17,4889364.5
609;940;725624.13,4877172.5,730137.6,4884139.1
619;411;726892.33,4919566.5,736626.56,4926029.7
298;1015;693334.72,4908193.5,695621.6,4915982.7
693;330;687149.75,4885179,692162.24,4887565.9
975;502;752473.85,4894144,758646.45,4897322.1
484;618;685852.52,4897635.4,688512.24,4901031.5
283;676;695174.24,4905419,699593.77,4915975.9
825;821;714945.02,4871733,722086.41,4878839.7
493;720;693159.34,4896824.9,701737.49,4909352.8
645;661;738395.9,4892931,754407.37,4909339.6
394;371;698845.26,4882352,705050.99,4888195.5
723;544;719248.26,4911854,734181.74,4923090.2
659;848;724434.45,4884303.1,728287.89,4889261.7
573;470;717908.82,4895827.8,745811.21,4918714.6
467;888;729369.67,4911836.7,732997.12,4918734.3
532;965;738482.33,4909704.5,741164.83,4914570.3
941;858;710324.55,4878812.2,717942.83,4885758.5
356;685;686443.76,4896930.6,688523.96,4900933.2
567;414;689465.68,4911594,696063.7,4916411.6
283;590;704271.35,4882098.3,706120.68,4885953.8
617;835;741301.66,4891097,756897.64,4912203.4
864;1009;708790.91,4911259.7,714803.89,4918281.8
830;430;750190.38,4905800.3,759675.23,4910714.2
748;627;708968.36,4909086.9,712884.02,4912369.1
878;480;708250.41,4906877.6,722272.84,4914543.6
262;318;738561.83,4913583.2,745857.88,4922438.7
735;314;702280.11,4911368.3,708540.89,4914043
575;345;710559.92,4899745.5,738922.46,4916763
896;979;690210.2,4871730.3,696661.16,4878778.9
525;856;744570.59,4885277,749875.97,4893927.3
746;561;743226.53,4922909.6,747827.15,4926369.3
758;817;701502.43,4892254.5,728252.01,4921086.1
828;874;720843.92,4895699.6,750659.95,4927172.1
796;990;743280.31,4904974.5,749443.66,4912640
557;893;700331.15,4872596.1,706809.89,4882983.1
913;465;716273.78,4919932.3,729893.72,4926869
426;551;716545.96,4902906.4,720453.19,4907960.1
424;507;709943.59,4905203.5,723866.49,4921851.9
666;603;685885.83,4872542.8,708884.38,4893365.8
441;344;737585.86,4896633.1,760348.69,4914389.1
610;355;735856.11,4898780.8,740350.37,4901396.3
943;539;690271.28,4894340.1,715160.07,4908566
656;310;718293.83,4895338.7,726307.57,4899125.7
834;311;707547.29,4897145.5,714217.32,4899632.7
360;746;742889.78,4873885.1,749868.53,4888346.6
968;912;686803.05,4872227,740643.21,4922952.4
877;754;687779.51,4903292.5,698464.01,4912478.5
600;953;707876.34,4873263.1,713451.79,4882118.8
885;707;710302.95,4888940.9,732697.46,4906831.2
990;489;709176.62,4874692.6,717842.29,4878972.9
317;401;752305.57,4888578,756967.55,4894475.3
562;991;733970.73,4880704.1,746531.25,4902852.7
761;716;715868.89,4872072.2,747212.78,4901562.6
477;301;691375.32,4870944.5,695327.48,4873438.5
738;319;721998.53,4885393.9,726564.86,4887367.7
723;764;689107.59,4885718.7,696230.17,4893245.2
606;512;735377.93,4879854.7,742398.95,4885786.6
458;613;729368.68,4908104.4,736166.48,4917202.8
757;472;687487.3,4889404.5,699051.94,4896615.3
580;608;702354.62,4872323.6,715924.06,4886548.1
925;584;695536.01,4924272,701369.18,4927954.8
266;698;693145.98,4876180.9,695726.59,4882952.6
711;880;695691.76,4871161.6,700746.94,4877418.3
536;654;726328.67,4887459.1,742403.71,4907073
378;670;718597.03,4898566.2,720695.5,4902285.8
709;346;703621,4921073.7,709204.52,4923798.5
964;285;732786.95,4918639.2,747130.27,4922879.7
624;562;742952.72,4907029.4,749012.73,4912487.3
855;257;732326.69,4884178.2,739413.49,4886308.3
334;451;689599,4897587.5,703690.77,4916615.6
517;668;688156.85,4905725.3,699873.83,4920864.5
966;599;747933.45,4915714.9,755183.8,4920210.7
935;910;706361.07,4889977.5,719363.62,4902632.4
335;295;704480.98,4920947.4,710475.83,4926226.5
660;854;694559.79,4900528.2,701776.43,4909866.1
835;357;725896.73,4893304,754538.2,4905549.6
746;561;711475.85,4921437.9,719559.41,4927516.8
375;654;726645.37,4894014.5,729379.48,4898782.8
887;850;692537.85,4875381.8,713679.39,4895641.4
851;631;737758.94,4918753.9,749332.81,4927335.7
705;748;752115.99,4879705.9,756889.38,4884770.5
574;366;686656.68,4884129,727766.9,4910342.2
787;513;720820.5,4887042.3,749449.14,4905703.7
279;343;689707.39,4874449.5,691524.3,4876683.2
281;306;702202.83,4910107.2,703938.82,4911997.6
432;949;702710.52,4888869.2,711298.46,4907734.8
712;513;736794.19,4892892.8,760960.03,4910304.5
970;562;687979.22,4880131.6,697016.39,4885367.6
562;931;699921.58,4898997.4,716978.57,4927253.7
632;611;716539.85,4912481.6,724490.04,4920167.6
541;568;707839.24,4889769.3,711562.49,4893678.3
315;379;698056.25,4875664.8,723205.15,4905923.3
703;787;709359.37,4896674.6,713192.59,4900965.8
324;529;691560.67,4877474,706357.04,4901632.2
607;429;720257.33,4894856.1,732074.91,4903208.3
899;972;699613.39,4870437.1,728082.63,4901218.1
578;792;699891.78,4898893.4,704047.58,4904587.8
777;698;703731.68,4902618.2,727447.78,4923923
292;761;742257.24,4901087.2,745181.72,4908708.9
733;679;707347.22,4879837.4,714439.29,4886407
971;944;717770.56,4882528.3,743635.92,4907674.4
965;847;722411.61,4901692.2,738916.85,4916179.2
786;643;711102.26,4897827,717629.23,4903166.5
410;819;745015.48,4885552.2,749623.13,4894756.3
615;741;702796.55,4905550.9,709743.95,4913921.7
811;752;698648.83,4885363.5,731880.49,4916177.6
706;385;714814.74,4904342.2,722040.96,4908282.9
394;606;749801.53,4895562,753150.92,4900713.6
713;567;721885.27,4895452,736923.51,4907410.9
429;581;711042.52,4890070.1,719659.61,4901740.4
690;632;721320.98,4920957.1,725404.05,4924696.9
767;633;701217.89,4891173.5,724588.83,4910461.4
849;351;698343.77,4903465.9,751274.94,4925349.1
987;727;707632.31,4895431.7,722867.6,4906653.7
804;455;709385.39,4908519.3,715875.73,4912192.3
637;517;694564.61,4907357.4,718543.2,4926818.9
848;405;722055.08,4906567.3,745003.34,4917527.3
810;944;723966.03,4886611.6,740304.17,4905652.6
438;656;706104.9,4914469,710081.55,4920424.9
639;417;698633.17,4881604.1,730853.27,4902630.4
825;610;699986.82,4879133.2,743045.45,4910970.4
656;757;712477.62,4870403.2,728243.23,4888596.1
922;822;704090.35,4872238.2,722944.59,4889047.5
454;526;724255.59,4870893.7,749639.22,4900302.9
989;639;737170.84,4901256.8,759804.12,4915880.3
529;523;702186.28,4880022.5,735044.54,4912508.1
731;294;705851.88,4901440.8,710873.81,4903460.6
969;444;686170.43,4897683,692593.28,4900626
395;329;714894,4882189.5,733496.43,4897683.7
697;791;684839.35,4893117.4,703577.01,4914382.1
418;998;688583.51,4879215.1,691153.05,4885350
416;496;690099.02,4905586.9,702804.13,4920735.3
327;980;746791.79,4884870.7,749307.22,4892409.3
325;299;718293.28,4893981.2,723835.07,4899079.7
286;282;714025.71,4917344,717881.34,4921145.7
293;302;754455.73,4907571.8,756346.41,4909520.6
326;715;719435.68,4898387.6,722036.2,4904091.2
353;464;720555.85,4902957.2,722713.45,4905793.2
604;961;725800.15,4897615.2,732861.35,4908850
941;477;688188.8,4888943.3,719337.25,4904732.7
358;809;715569.98,4888181.5,731055.75,4923175.9
507;674;689885.11,4898605.5,695407.8,4905947.2
405;463;689902.96,4884090.5,695870.01,4890912.1
961;614;722984.62,4877914.6,735873.25,4886149.4
581;840;703041.08,4887882.1,711863.97,4900638.1
560;457;720975.06,4878416.3,741462.79,4895135.7
834;324;704566.13,4878745.6,718132.09,4884015.8
385;414;726492.48,4887915.7,728787.77,4890383.8
513;303;710722.88,4873606.4,716416.17,4876969.1
408;256;716405.71,4926917.9,719128.29,4928626.2
922;714;710568.3,4898588.3,719394.1,4905423
872;720;743961.94,4921092.6,750212.18,4926253.4
836;939;742491.94,4894791.9,755406.74,4909297.9
295;480;706762.67,4918139.3,710642.88,4924452.8
864;350;742505.44,4897231.1,757626.96,4903356.7
677;1004;714203.67,4892421.9,730466.13,4916539.3
736;672;698551.58,4913045.1,703803.09,4917839.9
840;403;710239.17,4908055.5,718157.25,4911854.2
950;358;727553.25,4887484.8,751508.76,4896512.2
408;354;685028.55,4897599.4,707040.06,4916697.6
455;518;723410.19,4912047,728786.52,4918167.7
293;343;731965.64,4888944.9,734758.34,4892214.2
600;1015;719591.63,4909048.3,728375.2,4923907.1
330;669;698996.64,4887331.7,713618.11,4916973.5
563;663;735551.86,4910369.5,750907.36,4928452.5
495;586;719875.68,4921802.1,725969.38,4929016.1
356;449;705134.88,4882330.8,721027.12,4902374.6
487;284;729874.99,4898120.2,733571.28,4900275.8
528;845;697318.49,4891382.9,703337.38,4901015.4
341;948;691669.64,4882205.1,701103.97,4908433.1
637;838;731579.98,4889260.8,757580.38,4923465.4
825;424;734785.64,4890055.9,749699.64,4897720.8
315;554;686384.58,4913068.7,693943.56,4926362.9
946;857;704379.43,4883828.1,711534.99,4890310.5
977;644;754277.54,4908002.7,760000.36,4911774.9
725;718;734049.82,4887251.9,756683.99,4909667.5
689;1004;753471.07,4882633.8,760924.62,4893495
574;754;733239.26,4884107.9,745281.47,4899926.4
649;984;694798.73,4897355.3,707925.68,4917258.1
868;963;707859.57,4870437.2,722208.45,4886356.5
400;472;729987.17,4906367.1,736994.59,4914635.9
775;517;719676.43,4921239.7,728486.81,4927117.1
411;879;702584.67,4871402.1,728697.34,4927248.9
516;884;693598.34,4904241.8,706025.85,4925532.3
381;426;702015.02,4874537.9,713589.04,4887478.9
996;683;702859.48,4880022.7,717357.74,4889964.8
920;730;688869.69,4924280.5,694597.11,4928825.1
365;707;700218.22,4874760.5,706930.07,4887761.2
990;813;689382.05,4880026.2,699655.52,4888462.9
760;564;705102.24,4913931.6,711691.73,4918821.7
409;648;755666.8,4880456.2,759549.71,4886608
589;345;695477.37,4886874.1,710340.19,4895579.8
626;569;724608.65,4871423,742567.1,4887746.3
335;728;706771.07,4879122.7,710503.36,4887233.5
888;908;685453.29,4883775.8,696938.06,4895519.2
931;663;690374.06,4886670.3,701280.95,4894437.5
309;913;716288.29,4875186.6,723181.29,4895553.3
571;687;695507.11,4911113.2,699845.69,4916333.2
868;480;711226.63,4872998.8,725301.77,4880782.3
577;518;687528.57,4923213.9,692863.02,4928002.9
427;403;697990.13,4923183.1,701774.93,4926755.2
306;404;732604.12,4916668.3,734151.23,4918710.9
646;852;687083.13,4882844.7,720220.79,4926549.5
307;339;690378.52,4884192,704525.79,4899813.9
547;338;704580.58,4905621.1,713529.04,4911150.5
490;519;702529.83,4871331.7,709164.3,4878358.9
554;351;713389.71,4880040.4,719679.57,4884025.5
621;688;732994.82,4919903.5,739729.41,4927364.7
375;279;734214.89,4890000.7,748725.64,4900796.7
1010;788;702269.53,4895828.9,739710.39,4925040.2
652;533;751508.07,4871926,758124.01,4877334.5
488;909;693761.56,4873486.4,700720.08,4886448.1
704;576;695426.31,4893177.5,731462.6,4922661.7
406;771;692204.61,4883380.8,695641.71,4889907.9
760;761;692403.97,4891225.3,715611.46,4914463.4
817;337;711258.16,4873065.6,736911.25,4883647.1
732;797;718252.6,4889778.3,722092.44,4893959.2
417;945;687895.25,4896748.6,690877.78,4903507.6
403;715;741339.98,4870389.5,750424.99,4886508.1
588;539;736712.32,4882632.9,743183.74,4888565
348;384;714798.44,4915224.9,718398.89,4919197.8
324;433;718750.1,4884063,742663.06,4916020.7
970;565;695037.62,4875549.7,721804.51,4891140.7
802;846;718263.45,4883659.9,728101.13,4894037.3
360;532;686833.52,4908945.1,689026.83,4912186.3
454;669;723308.87,4897166,726553.22,4901946.8
718;336;717731.74,4908225.8,721846.69,4910151.5
777;947;728780.43,4894822.3,750940.34,4921830.6
350;551;710979.32,4886367.7,733346.04,4921579.3
425;502;734771.77,4892125.3,753703.22,4914486.7
435;694;727199.81,4877553,736575.35,4892510.7
765;347;705535.97,4906553.8,718442.01,4912407.9
946;780;689009.86,4871006.5,707047.92,4885879.3
671;561;697707.47,4872350,702995.52,4876771.2
320;793;727175.42,4871591.6,735891.95,4893192.2
582;576;712472.48,4884666,715449.14,4887612
303;909;717444.47,4880202.1,729890.63,4917540.6
879;853;694947.85,4873945,700359.46,4879196.5
530;257;722035.59,4922253.2,725943.92,4924148.4
796;670;751660.53,4915873.7,758279.48,4921444.9
645;536;704784.07,4874469.7,737619.5,4901756.2
641;931;735800.33,4880248.9,740248.45,4886709.4
627;983;705816.37,4919204.4,709652.3,4925218.3
958;987;720056.96,4875968,725927.8,4882016.5
755;504;701683.2,4881065.9,731807.27,4901175.2
294;780;741062.23,4875545.2,743632.77,4882365
480;794;707081.41,4891426.8,709707.96,4895771.6
420;621;717781.67,4877857.9,722518.36,4884861.5
459;954;735223.56,4870432.5,739075.79,4878439.1
576;1013;707524.99,4883342.6,715501.65,4897371
477;653;698364.16,4887640.6,727408.65,4927401.7
483;548;740268.59,4897894.5,742989.42,4900981.4
708;835;716351.2,4896203,720174.3,4900711.8
427;500;712637.02,4908469.2,716124.62,4912553
766;637;745970.94,4913524,757675.24,4923257.2
737;501;698208.6,4895099.9,703627.09,4898783.3
262;777;699600.96,4898585.7,701114.35,4903073.9
902;976;746719.72,4920750.1,752424.14,4926922.5
875;288;693651.14,4889163.2,706199.15,4893293.2
595;815;756399.33,4893356.8,759461.95,4897551.9
769;256;716530.49,4872714.5,759613.29,4887056.8
879;701;724016.12,4876728.5,731667.44,4882830.5
849;306;725576.13,4896686.5,730634.11,4898509.5
458;283;704513.7,4892681,709396.19,4895697.9
538;821;704843.82,4892057,713148.37,4904729.9
689;656;720889.66,4900602.1,739943.57,4918743.4
501;858;693750.56,4881933.5,714659.52,4917741.7
302;664;754853.59,4874716.7,757259.04,4880005.5
762;427;705839.19,4898289.2,731943.33,4912917.1
908;834;720511.72,4914970.8,733815.19,4927190
294;329;685412.83,4882852.9,688115.34,4885877.1
774;278;689267.79,4883089.3,723034.04,4895217.3
602;442;708554.99,4921125.7,716729.55,4927127.6
308;402;736535.93,4910797.7,746250.61,4923477.2
462;643;727146.57,4882263.7,737822.69,4897122.5
1010;1008;695982.42,4878129.3,721561.38,4903657.7
388;1024;726166.63,4902843.7,729122.59,4910645
483;716;710304.97,4874279.6,717733.6,4885291.9
533;372;688464.37,4897642.4,692556.88,4900498.7
867;584;692567.7,4902638.6,697972.96,4906279.5
719;526;686177.18,4906265,698047.69,4914949.1
861;531;710398.47,4900107,715961.21,4903537.7
562;673;731702.3,4888883.7,735093.31,4892944.5
758;755;737707.43,4911217.9,747105.47,4920578.7
404;683;737566.38,4882083.2,745942.3,4896243.5
528;326;743971.87,4917862.7,749210.58,4921097.2
295;642;712197.47,4894237.5,716131.53,4902799.1
603;770;714435.54,4873358.7,728549.84,4891381.9
260;720;685819.27,4890326.9,688908.59,4898881.9
645;957;721972.36,4874835.8,735563.92,4895001.9
763;734;718888.24,4887115.5,746035.57,4913231
351;878;708578.73,4897283.9,716452.97,4916980.7
484;721;742650.33,4891626.1,745187.27,4895405.3
596;689;695766.54,4910833.1,699864.5,4915570.5
792;436;713677.18,4901031.6,736611.32,4913657
838;472;721641.19,4885279.4,730533.25,4890287.9
410;627;705633.73,4913809.3,711610.44,4922949.3
365;650;701861.81,4877288.1,720264.35,4910059.8
869;657;736780.91,4918092.9,741623.8,4921754.3
519;606;742642.13,4881398.3,747149.76,4886661.5
544;993;720698.58,4904188.5,724703.27,4911498.6
577;675;688613.57,4896540.4,706127.02,4917028.4
690;924;701590.7,4888423.2,705298.85,4893388.9
305;904;734808.02,4890455.3,745565.53,4922339.9
288;882;728471.41,4888579.6,731579.21,4898097.2
599;663;707031.98,4881672.7,715980.44,4891577.2
865;822;753357.6,4884987,759178.03,4890518.1
559;537;731448.37,4891137.9,756709.45,4915404.9
736;326;694803.49,4911924,714055.62,4920451.4
894;844;734207.23,4912380.4,750521.47,4927782.3
515;1007;709054.41,4906209.6,711841.66,4911659.7
692;331;747179.34,4890224.6,755242.07,4894081.2
601;878;751901.14,4897773.1,756489.38,4904476
586;373;726591.82,4912116.5,730274.18,4914460.3
402;982;709324.01,4875919.7,715699.59,4891493.9
498;874;728834.17,4876097.8,732849.41,4883144.6
885;370;687489.94,4881040.1,694980.18,4884171.6
996;264;732154.06,4905479.8,739241.94,4907358.5
857;516;691957.57,4872552.5,703072.89,4879245
423;615;737027.22,4896865.6,742087.83,4904223.3
662;640;717471.33,4910738.7,722158.91,4915270.5
914;852;748026.44,4872922.4,754473.75,4878932.3
312;710;721248.82,4911772.9,727379.58,4925724.3
707;825;738814.9,4910291,746094.73,4918785.9
848;304;732011.73,4921952.5,737171.59,4923802.2
514;384;720671.42,4874906.4,733945.51,4884823.2
791;532;698192.85,4899491.9,719483.52,4913811.3
659;668;684720.53,4894806.9,693165.76,4903367.5
442;318;749378.97,4898754.3,758243.84,4905132.2
487;493;737162.66,4883875.6,740739.99,4887497
469;304;743621.5,4892713.5,758348.36,4902259.3
946;865;731716.67,4918908.4,741429.47,4927789.6
685;542;711664.4,4876301.2,737025.39,4896367.9
565;764;696083.17,4902641.7,700069.59,4908032.2
818;443;721112.49,4889996.2,732542.88,4896186.5
750;584;730857.3,4890515.4,741289.26,4898638.4
725;303;723523.56,4885472.9,727960.38,4887327.2
469;495;744792.88,4888578.2,747377.18,4891305.7
641;850;727538.59,4875470.9,734376.27,4884538
359;476;685436.75,4872594.2,692195.16,4881555.2
275;892;719674.86,4884009.6,721359.74,4889474.7
266;374;692808.2,4881467.7,694533.68,4883893.8
373;570;718099.74,4898464.8,721817.03,4904145.3
543;827;750232.5,4900889.5,756391.68,4910270.1
907;863;742478.57,4892505.3,754136.68,4903597.8
481;854;700201.08,4875915,704035.68,4882723.2
672;889;703187.41,4910483.3,715136.13,4926290.5
820;676;696669.21,4899940.8,706079.14,4907698.2
392;766;742910.75,4896021.3,750499.26,4910849.9
301;867;712857.87,4917151.4,715301.71,4924190.6
600;780;726027.59,4916561.2,732169.28,4924545.4
703;277;751138.73,4925416.1,756979.45,4927717.5
996;776;714092.53,4880464.3,739733.35,4900441.4
338;1023;747371.31,4886973.8,750125.39,4895309.4
282;509;686853.98,4885620.3,690767.52,4892684.1
801;547;730305.58,4871613,739927.11,4878183.5
996;1007;690878.54,4899343.6,706141.7,4914775.3
651;427;695281.47,4913350.7,701865.62,4917669.3
769;615;685780.19,4889964.7,721457.98,4918497.7
724;453;718085.17,4898924.9,722807.52,4901879.6
332;696;709317.94,4886420.6,711908.33,4891851.1
975;397;705785.66,4879109.1,710934.5,4881205.6
886;829;700992.64,4893401.2,707743.44,4899717.7
716;511;716870.64,4882893.5,725194.63,4888834.3
643;565;739047.93,4918695.6,747131.59,4925798.7
773;439;710890.14,4880679,715780.92,4883456.6
854;453;691935.68,4874802,740221.82,4900415.1
565;861;728775.99,4895898.2,744716.58,4920190
276;1004;707962.66,4908128.3,713513.04,4928318.8
1015;684;698782.75,4904697.9,706569.38,4909945.3
976;390;753575.3,4895174.1,759771.94,4897650.2
900;274;735916.3,4888096.9,743283.97,4890340
839;542;688803.12,4887677.2,695116.49,4891755.6
526;302;736604.69,4873260.5,742599.88,4876702.6
678;672;717771.63,4888927.8,726081.93,4897164.5
706;462;698170.89,4883222.8,710490.33,4891284.6
291;434;693504.17,4896047.7,706317.2,4915157.1
790;839;751406.46,4888855,755768.44,4893487.5
303;644;704398.99,4891414.6,710081.39,4903492
528;773;693651.44,4896849.6,708437.82,4918497
289;360;751182.37,4891292.4,755309.76,4896433.8
617;1003;742924.94,4877741.4,747224.37,4884730.5
875;614;734465.52,4905738.4,755674.9,4920621.4
523;660;694544.44,4892131.5,697385.3,4895716.5
905;620;690044.05,4910906,694638.53,4914053.6
595;892;750723.95,4886756,755764.18,4894312.1
571;341;711411.85,4916184.2,716060.47,4918960.3
724;515;738787.59,4905099.9,758163.19,4918882.3
566;843;699769.67,4881459.8,709595.69,4896094.6
573;475;750478.27,4895427.9,757432.03,4901192.3
682;441;707380.09,4919383.4,714790.04,4924174.9
931;693;713195.44,4875522.8,721763.35,4881900.4
875;565;735143.13,4883802.8,740914.29,4887529.3
587;367;715399.97,4894518.3,720693.55,4897828
399;996;718972.18,4875556.1,721035.57,4880706.8
268;979;752165.37,4914201.9,754288.82,4921958.9
466;671;719812.89,4915179.2,727746.96,4926603.6
858;311;715764.05,4906395.3,727169.06,4910529.3
868;897;727467.64,4885209.2,756679.81,4915397.4
486;554;691987.29,4908433.4,696762.77,4913877.1
365;274;710291.59,4902478.1,721012.26,4910526
881;615;705628.57,4877927.5,724544.52,4891132.1
985;741;701103.46,4886851.2,741148.29,4916976.3
409;289;698425.05,4880984.2,724709.88,4899557.1
282;593;748245.55,4874001.9,752423.62,4882787.7
558;735;742833.95,4888417.5,751995.05,4900484.6
547;795;696131.66,4887891.6,698896.57,4891910.1
278;282;693054.6,4886000.9,708957.85,4902133
286;828;739648.13,4902176.4,741757.04,4908281.9
451;820;738422.96,4874487.7,758738.74,4911425.5
725;713;692385.74,4915932.6,697060.71,4920530.2
595;993;736263.66,4870864.9,739320.91,4875967.2
893;868;699565.97,4913586.3,707080.42,4920890.3
908;952;735746.2,4911961.5,743521.2,4920113.2
667;442;696638.64,4884513.2,701088.01,4887461.7
668;856;689024,4885516.5,698839.84,4898094.9
325;1001;686196.39,4871997.6,688769.91,4879924
805;836;710481.68,4903615.1,727916.47,4921721.2
340;732;688084.96,4900783.4,691246.2,4907589.3
463;408;695286.93,4875133.5,698017.24,4877539.4
301;605;705908.14,4913997.9,711469.52,4925176.1
511;524;706539.79,4892456.4,717756.99,4903959
683;622;716552.35,4907320,736292.23,4925296.9
579;426;736501.88,4897922.6,746207.68,4905063.7
904;327;727287.04,4874086.8,732136.36,4875841
311;740;706550.37,4900355.6,708421.02,4904806.6
626;714;732041.9,4888847.8,736241.28,4893637.5
316;638;708999.24,4896823.3,711049.81,4900963.4
579;894;715316,4916395.4,723221.38,4928601.6
675;966;711303.44,4870847.6,720858.05,4884521.3
454;876;742821.26,4889543.4,759782.95,4922271.3
291;690;722538.94,4904481.4,724884.72,4910043.6
879;428;736231.86,4918771.1,746272.26,4923659.9
863;791;699563.15,4886828.4,743230.07,4926852.2
769;977;697715.04,4911546.6,706146.07,4922258.1
703;312;745892.65,4892576.8,751821.29,4895208
712;391;739144.85,4914574.2,760660.76,4926389.8
930;276;711277.26,4873300,744024.3,4883018.5
371;343;685094.33,4881080.7,699941.37,4894807.2
357;936;685060.39,4879660.8,699598.95,4917778.7
306;552;698601.12,4904604.5,707288.15,4920275.2
958;367;751938.4,4886236.3,760213.14,4889406.3
767;991;755620.75,4887924.1,760704.42,4894492.4
999;274;700729.38,4901867.7,721104.82,4907456.2
586;816;722554.71,4889862.9,739844.68,4913939.1
267;951;725872.68,4892838,730261.11,4908468.6
359;387;723745,4889622.8,728608.38,4894865.5
450;261;728855.27,4879980.7,745328.71,4889535.3
383;346;729714.3,4917975.4,736786.63,4924364.5
690;372;706523.39,4874823.9,710972.58,4877222.6
404;732;737743.58,4896685.7,740569.91,4901806.7
792;916;728803.1,4892112,746461.63,4912535.2
803;539;709783.45,4883710,728401.03,4896206.8
483;607;724574.69,4886844.6,749382.81,4918021.6
792;608;719622.69,4891678.2,738828.49,4906422.1
601;547;721366.74,4877448.5,754599.23,4907695
543;783;722596.71,4898944.7,734773.65,4916503.7
890;515;719305.67,4925243.3,723779.16,4927831.9
651;536;713473.47,4907723.9,720199.3,4913261.6
297;594;710313.81,4884054.1,713659.4,4890745.3
1022;544;707147.39,4875437.2,742601.2,4894308.9
299;565;726920.38,4880366.9,733817.84,4893400.5
451;589;749068.98,4896966.3,751955.66,4900736.3
894;710;692091.68,4887969.8,724953.62,4914068.2
904;374;697719.38,4918362.8,705401.01,4921540.8
703;519;703587.21,4883512,731685.91,4904256.3
664;872;740246.94,4879061.9,745773.13,4886319.2
485;570;733688.72,4904330.3,738978.76,4910547.5
776;423;738151.52,4918065.2,755199.03,4927357.8
535;942;690161.2,4908903.7,695759.22,4918760.4
277;369;756443.47,4872079.5,760038.18,4876868.1
269;993;715464.33,4877487.2,726320.21,4917561.1
889;391;716210.61,4907700.8,729085.15,4913363.3
294;259;717884.08,4921194.9,719469.84,4922591.9
562;270;721516.6,4891049.1,729975.29,4895112.9
527;636;688941.67,4913125.1,695068.91,4920519.7
686;368;705305.95,4890841.7,739143.18,4908993.5
307;1006;739140.76,4881978.3,743629.98,4896688.8
759;293;739816.22,4897000.9,743750.72,4898519.8
397;968;713108.16,4883144.4,715884.91,4889914.9
497;575;703731.76,4896456.8,706596.24,4899770.9
779;749;730636.39,4891258,741672.45,4901869.1
968;385;710146.99,4899340.5,723361.51,4904596.3
616;299;743806.63,4921441.5,749519.19,4924214.3
832;811;705218.24,4871582.5,724817.86,4890687.4
698;321;716288.44,4878113.2,720969.43,4880266
312;508;752992.11,4894506.1,755331.13,4898314.5
452;517;709883.99,4883445,712989.96,4886997.7
311;974;755256.2,4870728.3,757188.67,4876780.5
844;420;742923.34,4915503.9,753212.14,4920623.9
913;566;746643.67,4877554.7,758737.31,4885052
833;851;707017.58,4885342.4,714724.49,4893215.8
533;270;727718.39,4887373.7,734682.24,4890901.4
986;499;719240.47,4908650.7,725695.4,4911917.4
285;992;704734.9,4904119.9,706236.79,4909347.6
813;618;685514.04,4888581,689876.43,4891897
691;504;743687.75,4897899.3,757627.06,4908066.3
859;279;731830.81,4879377.4,749456.25,4885102.1
584;570;717848.85,4878839.7,759696.42,4919684
994;906;708997.61,4890725.9,717465.06,4898443.7
614;338;721498.5,4914056,725192.35,4916089.5
999;334;696875.81,4908710.6,704399.11,4911225.9
930;621;702184.9,4902581,713489.3,4910129.4
519;794;703706.31,4889128.9,707035.7,4894222.4
766;926;710222.91,4904115.2,715097.81,4910008.4
329;487;708581.72,4905710.4,718691.79,4920675.7
1008;590;752378.86,4891768.3,758052.32,4895089.1
786;611;690803.05,4889970.4,725656.73,4917064.1
589;615;684969.99,4877474.7,708277.34,4901810.9
638;667;717060.76,4907403.4,729695.24,4920612.1
953;306;721084.66,4927009.4,726427.4,4928724.9
980;526;699948.63,4890496.6,755471.79,4920297.8
820;503;724680.72,4903240.9,735457.33,4909851.4
714;782;718591.8,4905614.7,729570.33,4917638.8
386;572;709868.74,4889824.6,712539.79,4893782.8
708;560;714663.41,4918198.7,724447.37,4925937.4
311;844;695777.87,4892934.2,700682.55,4906244.7
922;892;703748.46,4900143.2,713456.48,4909535.3
808;891;752084.3,4906151.1,760691.54,4915642.5
652;284;710565.41,4909873.3,720387.52,4914151.6
550;655;710681.46,4892795.6,719583.69,4903397.3
886;745;688164.95,4890071.3,693776.27,4894789.6
502;817;730882.53,4888208.4,733913.1,4893140.6
1010;954;708878.92,4894972.1,732794.2,4917561.4
584;860;685489.13,4891252.6,688633.77,4895883.4
361;487;699805.01,4881329.2,704729.64,4887972.6
686;324;745077.62,4924116.4,749982.07,4926432.8
501;842;691270.48,4907570.2,701794.6,4925257.4
934;697;711017.63,4886756.2,716863.89,4891119
951;901;703121.56,4878163.5,719418.13,4893603.2
472;604;696951.16,4894466.6,704591.05,4904243.1
266;757;686871.71,4922673.3,689019.79,4928786.4
541;947;690995.33,4911983.7,700273.59,4928224.9
714;516;730523.12,4922872.9,736238.81,4927003.5
267;801;732948.16,4914410.2,734479.18,4919003.2
451;271;742065.73,4896655,744630.55,4898196.2
695;906;685639.45,4893444.6,692170.39,4901958.3
859;877;731638.61,4904563.6,739044.14,4912124.3
989;723;734711.45,4881146.9,739659.65,4884764.3
644;776;706194.72,4872019.5,714254.19,4881730.9
898;669;727349,4896691.7,732824.68,4900771
749;910;701567.47,4872694.6,707129.12,4879451.7
433;918;735588.44,4895926.7,739775.13,4904802.8
593;687;752993.48,4884855.6,756299.39,4888685.6
391;387;730623.93,4892043.2,742947.25,4904240.5
357;448;735626.07,4902165,737799.13,4904892
310;403;712663.13,4924477.8,715521.78,4928194.1
596;946;722211.47,4916785.1,726887.02,4924206.4
852;538;711912.84,4884918.7,731583.66,4897340
622;711;714005.05,4886788.7,718339.97,4891743.9
732;1019;725858.28,4890821.7,753200.29,4928883.9
278;829;725136.66,4871460.4,726612.18,4875860.4
778;661;715630.24,4894753.9,737626.47,4913442.2
320;410;723001.96,4897883.5,745265.62,4926408.8
996;284;691761.33,4903988.4,751395.71,4920992.6
326;305;715872.35,4908199.1,717917.48,4910112.5
306;525;702913.52,4918672.7,705695.21,4923445.2
307;535;755422.19,4901801.4,757232.74,4904956.6
486;390;738773.27,4874732.7,747671.27,4881873.1
816;595;736472.45,4922239.9,741062.27,4925586.7
807;857;703891.19,4875001.8,749016.5,4922923
960;510;716464.75,4890083.7,724330.23,4894262.2
959;760;688002.49,4896076.9,701669.51,4906907.9
296;326;711507.23,4871045.5,723151.86,4883870.3
592;800;706937.51,4891085.9,722393.6,4911972.5
310;692;713098.54,4914332,717114.37,4923296.3
761;784;750125.4,4870950.3,758372.55,4879446.7
843;950;685266.55,4914676.4,691396.7,4921584.6
526;640;753649.33,4903696.3,759793.99,4911172.7
619;1009;749025.4,4912596,753717,4920243.5
657;529;691381.82,4906769.4,713546.06,4924615.4
542;955;712813.44,4894948.7,721341.37,4909974.8
897;997;709390.6,4891718.2,742545.48,4928569.3
702;419;730194.22,4915724.8,750843.13,4928049.5
531;837;736241.35,4900294.9,746547.58,4916540.3
616;292;707810.11,4890618.2,755300.28,4913129.7
259;914;753061.4,4882279.2,755292.11,4890151.2
552;867;743344.1,4898980.9,755607.58,4918242.6
661;933;690233.62,4884612.9,714240.99,4918499.2
655;312;751893.45,4871645.6,760716.09,4875848.2
356;995;732161.35,4899270,733962.13,4904303.1
545;737;693671.26,4887727.3,697566.12,4892994.3
425;423;723812.45,4913501.1,727380.95,4917052.8
450;624;733924.54,4879725,736962.48,4883937.6
429;664;701909.33,4880302.1,708932.75,4891172.9
601;871;713982.42,4882622.1,720422.17,4891954.9
284;479;730513.97,4888014.3,732320.52,4891061.3
904;747;712587.11,4875482.1,718917.76,4880713.3
673;554;709738.82,4918549.5,715646.12,4923412.3
415;801;706324.76,4896653.6,709173.75,4902152.5
432;581;715047.28,4887140.2,735005.63,4913982.4
786;916;715237.98,4905323.6,723735.88,4915227
1020;446;709144.21,4918597.7,717481.66,4922243.3
787;364;746650.15,4922052.3,754341.44,4925609.6
365;831;696387.45,4898196.5,702345.68,4911761.7
631;504;697211.98,4877287.8,709338.44,4886973.6
625;425;698218.57,4892515.2,727342.57,4912319.5
912;467;748243.38,4888198.2,756599.11,4892476.8
984;360;719680.48,4906840.9,725245.77,4908877
382;689;724809.32,4910682.9,728083.39,4916588.2
577;449;687242.93,4886756.4,691691.32,4890218
976;459;728719.32,4897246.5,754238.83,4909248
402;541;719473.44,4875906,731814.56,4892514.3
784;459;732472.79,4898659.6,739414.84,4902723.9
886;940;706381.42,4883691.3,740285.34,4919661.6
748;276;728403.78,4895221.5,739058.6,4899153
1006;853;733876.13,4893130.4,754263.72,4910417.2
669;342;725317.21,4917881.5,729246.86,4919890.4
474;805;748671.94,4894209.2,759242.98,4912162.1
882;741;704136.61,4905699.5,729339.19,4926873.1
615;668;695021.22,4875761.2,702820.53,4884232.6
638;843;705336.99,4881151.7,724259.13,4906153.8
387;282;726746.42,4899694.7,729333.82,4901580.1
373;302;756347.44,4892041.4,758459.26,4893751.3
444;509;721680.63,4877258.6,730076.45,4886883.5
371;946;717458.3,4876941.8,723783.51,4893070.3
513;641;720932.87,4913292.9,725328.09,4918784.8
697;444;735530.2,4881826.9,743038.3,4886609.7
262;584;726475.57,4893400.6,727846.24,4896455.8
663;462;730110.63,4882898,751417.32,4897745.2
590;951;698481.26,4878533.8,705187.73,4889343.7
514;684;717831.65,4886385.2,721603.84,4891405
377;550;691247.05,4876396.7,696255.98,4883704.2
633;923;686347.09,4874121.1,705510.7,4902064.3
388;329;737337.4,4880918.8,743895.03,4886479.2
928;842;718679.27,4900594.5,736234.45,4916522.8
555;736;700861.65,4906668.7,704303.71,4911233.3
501;640;696851.87,4913482.7,700440.79,4918067.3
975;687;747767.92,4906578.5,756370.81,4912640.3
572;558;699004.03,4887602.1,702858.56,4891362.3
876;268;704671.48,4870403.4,715189.46,4873621.2
795;1007;754114.27,4895367.6,758741.09,4901228.3
641;386;751727.53,4912039.1,760103.65,4917083.1
308;970;746860.07,4871928.4,748765.21,4877928.3
500;674;748580.2,4886750.6,759569.44,4901564.1
369;1024;691062.72,4875502.2,707281.24,4920509.7
972;614;730280.68,4919664.8,735589.85,4923018.5
648;932;707548.36,4883570.8,722718.81,4905390.1
855;910;724576.82,4889032.6,732114.21,4897054.9
274;588;712140.66,4898343,713949.2,4902224.1
492;822;722258.13,4885366,727378.29,4893920.4
687;432;751222.64,4922584.5,754979.05,4924946.6
318;425;715235.08,4895684.1,737670.67,4925668.8
671;635;752783.04,4878469.1,758467.24,4883848.3
1012;993;692499.08,4907321.2,699417.13,4914109.3
885;361;693882.44,4874812,699691.04,4877181.4
619;330;734391.89,4896346.4,745216.79,4902117.3
947;277;718836.98,4915048.1,739619.64,4921127.1
389;500;706367.85,4872649.3,711393.59,4879109.1
622;405;701367.14,4886001.1,705089.21,4888424.6
266;315;720138,4891347.3,728135.57,4900818.1
808;601;700545.84,4886635.5,725803.35,4905422.3
1020;706;710433.93,4894438.6,739398.58,4914486.7
500;817;721089.27,4879381.1,732425.86,4897905
883;419;739017.79,4903908.2,749356.64,4908814.2
1011;498;686182.88,4880497.9,703460.97,4889008.7
410;466;735387.71,4871586.1,758288.96,4897615.4
681;549;739946.87,4872036.4,756658.56,4885508.8
684;975;723502.03,4875398.8,729158.18,4883461.3
708;789;689867.61,4895680.2,704859.47,4912387.2
756;643;750677.43,4902817.4,759775.76,4910555.8
920;852;746511.11,4879355.7,759606.32,4891483
356;413;712675.12,4894650.8,715033.02,4897386.2
381;486;713554.53,4925703,715821.65,4928595
859;550;687572.75,4883856.4,748831.81,4923079.3
274;492;729439.57,4907299.9,733010.02,4913711.1
414;726;703257.78,4873243.7,712612.67,4889648.6
544;332;748479.33,4872719.5,753469.93,4875765.2
379;905;732367.3,4872081.3,750751.68,4915980.7
776;543;724446.76,4875177.9,731471.57,4880093.5
302;568;709968.57,4921687.3,711580.42,4924718.8
270;415;692716.63,4914417.5,696369.54,4920032.2
396;547;735645.67,4907260.8,739073.78,4911996.1
265;854;727108.35,4882163.8,736385.72,4912061.4
399;918;750541.06,4881382.4,759165.88,4901226
724;961;708745.1,4882274.7,734406.89,4916336.8
350;780;749035.72,4875750.7,753825.6,4886425.3
546;363;717372.86,4897571.6,725587.4,4903032.9
278;464;731999.91,4875957.7,741938.51,4892545.9
820;296;700147.57,4890609.2,706247.83,4892811.2
949;292;730255.7,4916311.5,738934.53,4918981.9
446;739;729552.46,4909769.2,734286.52,4917613.3
954;792;715510.79,4875351.2,739605.62,4895354.4
634;553;705435.16,4896093.3,727088.43,4914980.1
713;444;701361.19,4896455,707681.97,4900391
638;537;707420.17,4917985.6,711089.48,4921074
649;773;686837.88,4897879.2,709086.89,4924379.2
503;823;722117.24,4910925.8,729992.4,4923811
689;452;693681.35,4874179.3,699430.61,4877951
565;425;695643.35,4907210.3,698752.4,4909549
417;809;701821.48,4894964.7,714314.11,4919200.9
420;998;726868.82,4884892.3,729947.84,4892208.7
996;620;720704.99,4889011.6,735829.51,4898426.5
724;555;694980.88,4913836.8,705152.68,4921634.3
1006;652;700329.87,4917836.9,707303.3,4922356.5
925;731;712429.24,4921784.8,717392.46,4925707.1
582;493;716130.99,4873592.2,719045.71,4876061.2
792;297;722764.02,4878103.4,753429.75,4889603
260;575;738691.01,4874062.3,758521.19,4917917.5
373;371;724021.08,4885036.3,727629.04,4888624.9
479;738;733793.2,4914786.6,736776.85,4919383.6
815;603;740140.63,4881843.2,746183.79,4886314.4
722;954;712379.01,4906018.9,724417.23,4921925.4
755;439;720945.9,4890864.8,738466.24,4901052.2
880;400;741878.25,4870454.2,751912.72,4875015.3
355;424;705224.04,4879672.8,714445.04,4890686.1
966;714;695283.59,4908757.6,705558.74,4916352.3
321;542;728383.82,4890424,744488.71,4917616.6
572;260;703288.07,4892477.7,711169.6,4896060.2
929;748;718515.44,4892803,740860.25,4910794.3
429;778;743565.31,4913574.7,749427.94,4924206.7
295;308;719890.76,4892027.8,731567.81,4904219.5
620;784;742954.77,4889155.2,748103.03,4895665.3
335;731;732350.56,4901740.1,734074.31,4905501.5
311;317;729264.18,4909459,734266.91,4914558.2
754;580;709677.03,4893347,722701.64,4903366
991;914;748545.12,4902544.1,759622.84,4912761.1
1022;993;693658.8,4908389.1,699795.67,4914351.8
324;436;731783.56,4875799.9,743074.88,4890994.4
718;529;703648.05,4883063.4,712702.33,4889734.3
743;276;706300.31,4895633.1,738662.02,4907654.4
994;844;709692.33,4872292.6,752018.85,4908231.8
546;950;739956.77,4900243.5,751254.02,4919899.8
815;266;720891.57,4876712.3,725095.19,4878084.3
360;825;689183.94,4897797.3,695375.86,4911987.1
693;291;727771.13,4916322.3,737546.68,4920427.2
783;287;726669.84,4889269.7,746219.9,4896435.6
322;333;711128.4,4902726.3,720441.55,4912357.6
648;495;732200.58,4878928.5,736619.16,4882303.8
616;822;726310.46,4889979.8,754706.8,4927872.3
765;435;748050.23,4889804.9,752671.05,4892432.5
418;594;697421.12,4892837.5,706599.42,4905880.3
762;594;725903.93,4898221,735508.86,4905708.3
922;706;685293.52,4891922.9,707094.55,4908616.5
877;467;743968.5,4898654.1,752847.72,4903382.2
610;880;745395.41,4885150,751594.53,4894093
424;263;719655.03,4916650.8,723148.05,4918817.4
981;572;689522.9,4878708.3,752068.02,4915177
847;631;737191.27,4906310.6,743347.91,4910897.2
468;496;749568.04,4876271.8,754649.87,4881657.6
617;401;692266.97,4871988.1,696032.11,4874435.1
852;727;704207.8,4907937.5,709141.78,4912147.6
381;757;733745.97,4897951.3,743163.09,4916661.9
788;711;704631.12,4905512.3,726383.1,4925138.8
385;937;721378.24,4895931.4,730991.29,4919327.3
538;905;714902.29,4902741.3,717604.88,4907287.5
671;511;739061.63,4901209.5,747685.47,4907777
607;547;738150.21,4898730.5,758411.92,4916989.4
488;314;729977.39,4909767.3,750844.7,4923194.2
728;594;698141,4878088.7,708711.76,4886713.8
431;776;722001.96,4918928.8,724371.74,4923195.5
258;918;707011.53,4903252.5,712339.82,4922211.3
770;278;728875.58,4915041.4,745964.17,4921211
381;768;700242.36,4895699.8,702867.77,4900992
835;767;691168.63,4894045.5,697574.48,4899929.7
858;757;717687.14,4884454.5,736667.01,4901200.1
803;367;725655.47,4906670.2,745145.26,4915577.7
948;516;710116.94,4883790.3,717964.06,4888061.5
850;954;699023.95,4899458,711498.51,4913458.8
364;270;697566.89,4876661.4,706277.82,4883122.8
673;516;708230.58,4874492.2,725425.55,4887675.9
690;969;712116.45,4907932.3,724252.96,4924976.2
924;784;722937.78,4910859.2,728283.48,4915394.9
858;598;691087.22,4881490.3,715564.27,4898550
574;790;707333.06,4898996.6,714828.42,4909312.5
1015;648;750097.69,4903963.3,758813.96,4909528
788;1004;747732.04,4894898.7,754545.3,4903579.5
319;852;735852.25,4880072.7,739152.36,4888886.8
333;288;722431.44,4911952.9,724166.84,4913453.8
692;803;702142.63,4901162.9,711474.73,4911991.9
828;535;723976.67,4902600.8,735400.04,4909981.9
328;982;699208.43,4886006.6,701579.65,4893105.9
660;320;752738.39,4911234.7,756308.19,4912965.5
1015;430;692485.94,4906738.2,736106.77,4925217.9
523;958;733350.93,4873446.2,756934.9,4916645.9
872;587;699823.55,4879459.5,704840.7,4882836.9
821;946;709111.55,4896679,733633.49,4924934.5
967;862;735786.82,4902532.3,749983.19,4915187.2
751;985;707355.1,4902941.2,712166.28,4909251.5
300;583;743381.56,4883498,746505.59,4889569
450;883;751372.91,4910814.5,753658.85,4915300.1
512;775;741625.21,4919242.7,747626.31,4928326.4
503;708;738158.02,4919596.4,741088.22,4923720.8
907;439;740543.46,4880226.7,746451.88,4883086.5
329;745;722510.58,4875981.4,726435.3,4884868.7
404;895;690139.82,4874517.1,692232.55,4879153.2
485;594;719814.23,4882621.1,735916.37,4902342.1
875;504;750456.42,4920190.6,754842.8,4922717.1
541;703;707239.37,4921318.3,711729.06,4927152.4
492;282;715858.86,4903575.1,738510.68,4916558.5
727;604;738459.09,4902809.4,742532.27,4906193.5
592;795;745964.01,4886872.5,749263.41,4891303.3
597;272;719510.6,4900192.9,737629.75,4908448.2
475;736;734382.44,4897271.2,738423.9,4903533.4
411;276;696098.22,4881930.4,698676.38,4883661.7
779;466;711792.21,4901246.2,740824.1,4918613.1
481;985;693510.37,4872505.3,708453.35,4903105.8
1007;512;704475.28,4906104.2,741324.22,4924839.7
293;550;692093.08,4900965.9,705679.17,4926468.8
834;923;691103.83,4905358.1,700176.07,4915398.5
264;996;695314.24,4886811.8,698422.11,4898537
940;753;725786.53,4910429.7,734037.22,4917039
677;292;738018.06,4925286.2,744298.19,4927994.9
686;480;695912.49,4883929.8,744667.92,4918044.4
901;443;734002.38,4878328.1,757564.21,4889912.9
979;995;733434.53,4907803.5,738363.43,4912812.9
323;961;730172.63,4898074.9,732064.81,4903704.6
803;945;686132.09,4882699.7,702381.96,4901823.1
282;843;693966.69,4879533.8,709547.47,4926110.4
875;755;740793,4886589.4,746347.91,4891382.5
413;928;688807.6,4900351.5,699618.4,4924643.1
758;336;719830.66,4895899.7,729943.45,4900382.5
274;604;757863.79,4904990.1,759839.52,4909345.3
899;417;753588.28,4919275.2,758856.31,4921718.7
470;413;750314.23,4886364.9,754924.68,4890416.3
713;643;700530.44,4887773.8,704720.67,4891552.7
493;599;719462.93,4903730.2,722396.49,4907294.5
772;264;697480.04,4903764.3,709311.71,4907810.4
841;454;721072.41,4896658.5,759398.45,4917348.2
749;455;729356.53,4915121.6,747112.65,4925908
855;343;719592.95,4877900.1,724536.76,4879883.4
752;814;693806.98,4897257.1,701774.35,4905881.3
858;521;716309.88,4916325.1,729164.35,4924130.7
957;943;694433.55,4887194.5,706293.65,4898881.1
413;671;706341.14,4883116.2,711179.64,4890977.3
786;327;746600.38,4885358.5,757140.52,4889743.5
259;872;746612.05,4908032.9,750032.53,4919549
938;1012;729473.41,4895621.1,743750.32,4911024.3
915;589;705227.32,4907580.3,720767.58,4917583.8
299;720;726693.74,4908358.1,731174.34,4919147.5
679;298;691885.97,4909135.4,726133.47,4924165.9
300;358;755852.68,4877458,758067,4880100.4
534;522;689337.92,4923084.3,694683.38,4928309.6
441;517;737865.8,4882110.8,740092.49,4884721.2
823;261;713839,4894272.7,721862.17,4896817.1
415;335;736585.65,4919547.7,742581.4,4924387.7
647;737;738530.08,4905657.8,753615.47,4922841.6
304;533;744062.95,4897559.9,753450.33,4914018.7
567;487;753612.84,4887839.4,756836.58,4890608.3
584;652;720214.58,4917358.5,729374.31,4927584.7
628;365;700148.45,4901697.3,739800.35,4924743.4
467;801;701862.52,4904157,705622.82,4910606.7
698;653;702447.62,4881825.2,716081.96,4894580.6
969;264;688085.04,4885042.1,707941.11,4890451.8
856;274;745850.51,4893780.8,758052.77,4897686.7
294;765;696316.06,4875878.1,698658.64,4881973.5
951;699;706158.76,4896819.4,711177.72,4900508.4
308;652;750423.61,4893703,754877.47,4903131.4
749;584;705370.48,4893096.7,745878.71,4924681.2
383;357;751021.84,4906568.9,758292.82,4913346.3
955;299;702741.56,4890727.5,714463.96,4894397.7
906;983;715298.27,4919355.5,723305.99,4928043.8
954;666;701699.95,4880005.4,707399.71,4883984.4
849;406;693263.82,4916240.3,698874.34,4918923.3
953;700;704215.29,4872955.3,736750.89,4896853.4
649;263;702570.44,4918669.5,707697.8,4920747.3
283;685;739786.85,4883231.7,742565.93,4889958.4
435;277;736620.75,4892374,739734.94,4894357.1
508;367;704899.71,4918305.2,710847.53,4922602.2
656;1010;741683.2,4897755.7,756018.9,4919827.4
827;944;703057.53,4872276.6,733230.2,4906717.9
586;490;706563.26,4920127.1,710763.83,4923639.5
460;283;744768.05,4914479.4,748927.34,4917038.2
961;345;725067,4873329.5,739002.74,4878332.4
369;596;739084.69,4900796.6,748734.96,4916383.5
924;399;734841.38,4876471.3,739916.64,4878662.9
928;865;746506.69,4917935.9,754839.36,4925702.9
865;677;719015.26,4892988.2,723813.94,4896743.9
360;481;712680.57,4907879.5,722534.97,4921046
870;624;704485.43,4890776.5,709849.71,4894623.9
505;356;718488.27,4879951.9,722907.21,4883067
305;821;701865.23,4886714.4,705250.65,4895827.3
360;827;737204.74,4906187,745722.05,4925753.2
306;724;696204.08,4881795.7,702116.48,4895784.5
464;544;751875.48,4883745.2,757962.04,4890881.2
612;282;705886.09,4901060,709020.32,4902504.2
1024;978;696924.16,4891224.8,702300.23,4896359.4
963;904;694916.43,4893077.9,709026.84,4906323.8
520;529;728181.74,4900614.5,735299.56,4907855.5
302;624;697696.95,4903333.9,704562.32,4917519.3
414;405;734194.85,4910147.2,747533.84,4923196.2
749;895;729413.87,4917673,738502.37,4928533.1
706;258;714010.08,4881597.2,723944.7,4885227.7
646;300;716227.26,4895013.8,732564.83,4902600.9
671;287;704461.97,4886856.3,734886.61,4899869.5
815;368;747424.58,4885640,756766.95,4889858.4
525;615;691059.18,4896182.4,703017.19,4910190.3
266;510;732623.1,4898599.3,736111.82,4905288.2
786;297;722353.39,4879807.8,757068.56,4892925.3
418;883;725599.01,4908409.5,730399.21,4918549.7
713;625;736420.97,4872063.2,747886.77,4882113.9
575;518;685041.44,4889437.1,714694.71,4916150.8
457;713;717518.13,4888073.5,726046.54,4901379.3
662;453;712712.63,4899562.4,719111.68,4903941.2
675;414;711644.63,4893887,718329.24,4897986.9
887;529;686134.32,4910656.3,690809.17,4913444.3
643;879;735038.68,4898809.9,749240.01,4918223.5
945;791;747845.62,4898754.7,755976.08,4905560.2
983;900;728343.71,4908940.9,741273.42,4920778.9
759;316;755040.52,4908098.1,759132.01,4909801.5
973;393;740956.26,4900673.2,758273.26,4907667.7
910;571;705991.14,4874245.1,750302.66,4902049.4
342;281;710782.39,4913454.1,714598.3,4916589.4
930;531;706699.5,4880779.8,725643.22,4891596
484;722;744456.8,4914956.8,750749.19,4924343.4
418;468;713983.9,4894130.5,723881.15,4905211.6
585;695;739310.05,4874149.9,751055.58,4888104
944;724;717391.46,4885911.1,724081.57,4891042
1004;669;701851.44,4918459.4,712912.35,4925829.6
841;675;706340.34,4895655.1,729146.96,4913960.1
528;987;726937.84,4894831.3,731206.95,4902811.6
340;931;707536.63,4878158.8,718726.85,4908800.3
453;964;722258.75,4886947.1,725116.97,4893029.5
969;957;739299.3,4877262.8,744990.8,4882883.8
465;306;710154.17,4902681.6,733569.01,4918090.1
695;983;694431.76,4891552.5,716915.93,4923353.9
434;463;742103.47,4891393.8,749973.63,4899789.8
438;650;686665.64,4892721.2,688980.24,4896156.1
361;626;720152.25,4870406.6,722180.25,4873923.3
718;260;692472.78,4903476.6,704577.01,4907859.7
907;602;724753.5,4886482.4,735127.1,4893367.7
425;582;732423.98,4890749.8,758467.43,4926414
629;697;707155.23,4889806.1,711891.83,4895054.8
1020;981;744468.73,4872513.8,749883.5,4877721.5
470;502;718853.38,4887514.1,723367.38,4892335.4
881;478;700774.36,4897375.3,706721.9,4900602.3
329;902;712999.1,4881180.1,714755.58,4885995.7
878;411;695373.05,4912204.2,724111.23,4925656.8
470;698;687219.15,4904365.9,703570.73,4928649.7
